,Symbol,GeneID,Name,Species,# PPIÂ ,Type
,2410016O06Rik,71952,RIKEN cDNA 2410016O06 gene,mouse,1,TcoF: class HC
,2700060E02Rik,68045,RIKEN cDNA 2700060E02 gene,mouse,1,TcoF: class 3
,Aatf,56321,apoptosis antagonizing transcription factor,mouse,1,TcoF: class 2
,Actl6a,56456,actin-like 6A,mouse,9,TcoF: class 2
,Actl6b,83766,actin-like 6B,mouse,2,TcoF: class 2
,Aes,14797,amino-terminal enhancer of split,mouse,4,TcoF: class HC
,Agap2,216439,"ArfGAP with GTPase domain, ankyrin repeat and PH domain 2",mouse,1,TcoF: class 1
,Ago2,239528,argonaute RISC catalytic subunit 2,mouse,4,TcoF: class 2
,Aicda,11628,activation-induced cytidine deaminase,mouse,5,TcoF: class 3
,Aip,11632,aryl-hydrocarbon receptor-interacting protein,mouse,2,TcoF: class 1
,Akirin2,433693,akirin 2,mouse,4,TcoF: class 1
,Akt1,11651,thymoma viral proto-oncogene 1,mouse,2,TcoF: class HC
,Ankrd2,56642,ankyrin repeat domain 2 (stretch responsive muscle),mouse,1,TcoF: class 2
,Ankrd33,208258,ankyrin repeat domain 33,mouse,1,TcoF: class HC
,Ankrd49,56503,ankyrin repeat domain 49,mouse,1,TcoF: class 3
,Anp32a,11737,"acidic (leucine-rich) nuclear phosphoprotein 32 family, member A",mouse,3,TcoF: class 2
,Arhgap22,239027,Rho GTPase activating protein 22,mouse,1,TcoF: class 3
,Arrb1,109689,"arrestin, beta 1",mouse,1,TcoF: class 3
,Asf1a,66403,anti-silencing function 1A histone chaperone,mouse,2,TcoF: class 3
,Asf1b,66929,anti-silencing function 1B histone chaperone,mouse,1,TcoF: class 3
,Atf7ip,54343,activating transcription factor 7 interacting protein,mouse,1,TcoF: class 1
,Atn1,13498,atrophin 1,mouse,2,TcoF: class HC
,Aurkb,20877,aurora kinase B,mouse,1,TcoF: class 3
,Axin1,12005,axin 1,mouse,4,TcoF: class 1
,Axin2,12006,axin 2,mouse,1,TcoF: class 2
,Bag1,12017,BCL2-associated athanogene 1,mouse,1,TcoF: class HC
,Bahd1,228536,bromo adjacent homology domain containing 1,mouse,2,TcoF: class 3
,Basp1,70350,"brain abundant, membrane attached signal protein 1",mouse,1,TcoF: class 2
,Baz1a,217578,bromodomain adjacent to zinc finger domain 1A,mouse,3,TcoF: class 2
,Baz1b,22385,"bromodomain adjacent to zinc finger domain, 1B",mouse,2,TcoF: class HC
,Bcor,71458,BCL6 interacting corepressor,mouse,4,TcoF: class HC
,Bmi1,12151,Bmi1 polycomb ring finger oncogene,mouse,5,TcoF: class HC
,Brd3,67382,bromodomain containing 3,mouse,2,TcoF: class 3
,Brd7,26992,bromodomain containing 7,mouse,3,TcoF: class HC
,Brd8,78656,bromodomain containing 8,mouse,6,TcoF: class 3
,Brms1,107392,breast cancer metastasis-suppressor 1,mouse,1,TcoF: class 3
,Brpf1,78783,"bromodomain and PHD finger containing, 1",mouse,1,TcoF: class 3
,Brwd1,93871,bromodomain and WD repeat domain containing 1,mouse,1,TcoF: class HC
,Btk,12229,Bruton agammaglobulinemia tyrosine kinase,mouse,4,TcoF: class 2
,Btrc,12234,beta-transducin repeat containing protein,mouse,6,TcoF: class HC
,Calcoco1,67488,calcium binding and coiled coil domain 1,mouse,2,TcoF: class HC
,Cand1,71902,cullin associated and neddylation disassociated 1,mouse,3,TcoF: class 3
,Carm1,59035,coactivator-associated arginine methyltransferase 1,mouse,4,TcoF: class HC
,Cbfa2t2,12396,"core-binding factor, runt domain, alpha subunit 2, translocated to, 2 (human)",mouse,1,TcoF: class 1
,Cbfa2t3,12398,"core-binding factor, runt domain, alpha subunit 2, translocated to, 3 (human)",mouse,6,TcoF: class 1
,Cbx1,12412,chromobox 1,mouse,3,TcoF: class HC
,Cbx3,12417,chromobox 3,mouse,5,TcoF: class HC
,Cbx4,12418,chromobox 4,mouse,1,TcoF: class HC
,Cbx5,12419,chromobox 5,mouse,3,TcoF: class HC
,Cbx7,52609,chromobox 7,mouse,2,TcoF: class 2
,Cbx8,30951,chromobox 8,mouse,1,TcoF: class 2
,Cby1,73739,chibby homolog 1 (Drosophila),mouse,1,TcoF: class 3
,Ccar2,219158,cell cycle activator and apoptosis regulator 2,mouse,2,TcoF: class 3
,Ccna2,12428,cyclin A2,mouse,3,TcoF: class HC
,Ccnc,51813,cyclin C,mouse,1,TcoF: class 2
,Ccnd1,12443,cyclin D1,mouse,2,TcoF: class 2
,Ccnh,66671,cyclin H,mouse,1,TcoF: class 2
,Cdc45,12544,cell division cycle 45,mouse,1,TcoF: class 3
,Cdc73,214498,"cell division cycle 73, Paf1/RNA polymerase II complex component",mouse,2,TcoF: class 1
,Cdca7l,217946,cell division cycle associated 7 like,mouse,1,TcoF: class 3
,Cdk13,69562,cyclin-dependent kinase 13,mouse,1,TcoF: class 2
,Cdk2,12566,cyclin-dependent kinase 2,mouse,2,TcoF: class HC
,Cdk5,12568,cyclin-dependent kinase 5,mouse,2,TcoF: class 2
,Cdk8,264064,cyclin-dependent kinase 8,mouse,2,TcoF: class 2
,Cdkn1c,12577,cyclin-dependent kinase inhibitor 1C (P57),mouse,1,TcoF: class HC
,Chaf1b,110749,"chromatin assembly factor 1, subunit B (p60)",mouse,1,TcoF: class 3
,Chek1,12649,checkpoint kinase 1,mouse,1,TcoF: class HC
,Chtop,66511,chromatin target of PRMT1,mouse,1,TcoF: class 3
,Chuk,12675,conserved helix-loop-helix ubiquitous kinase,mouse,3,TcoF: class 3
,Ciita,12265,class II transactivator,mouse,5,TcoF: class 1
,Cipc,217732,"CLOCK interacting protein, circadian",mouse,1,TcoF: class HC
,Cited2,17684,"Cbp/p300-interacting transactivator, with Glu/Asp-rich carboxy-terminal domain, 2",mouse,2,TcoF: class HC
,Cited4,56222,"Cbp/p300-interacting transactivator, with Glu/Asp-rich carboxy-terminal domain, 4",mouse,4,TcoF: class HC
,Cmtm2a,73381,CKLF-like MARVEL transmembrane domain containing 2A,mouse,1,TcoF: class HC
,Cnot1,234594,"CCR4-NOT transcription complex, subunit 1",mouse,2,TcoF: class 3
,Cnot10,78893,"CCR4-NOT transcription complex, subunit 10",mouse,1,TcoF: class 3
,Cnot3,232791,"CCR4-NOT transcription complex, subunit 3",mouse,2,TcoF: class 3
,Cnot8,69125,"CCR4-NOT transcription complex, subunit 8",mouse,2,TcoF: class 3
,Commd1,17846,COMM domain containing 1,mouse,1,TcoF: class 3
,Commd6,66200,COMM domain containing 6,mouse,1,TcoF: class 3
,Cops2,12848,COP9 signalosome subunit 2,mouse,1,TcoF: class HC
,Cops5,26754,COP9 signalosome subunit 5,mouse,3,TcoF: class 2
,Cry1,12952,cryptochrome 1 (photolyase-like),mouse,4,TcoF: class HC
,Ctbp1,13016,C-terminal binding protein 1,mouse,8,TcoF: class HC
,Ctbp2,13017,C-terminal binding protein 2,mouse,8,TcoF: class HC
,Ctdsp1,227292,"CTD (carboxy-terminal domain, RNA polymerase II, polypeptide A) small phosphatase 1",mouse,1,TcoF: class 3
,Ctnnd1,12388,"catenin (cadherin associated protein), delta 1",mouse,4,TcoF: class 2
,Ctr9,22083,"CTR9 homolog, Paf1/RNA polymerase II complex component",mouse,2,TcoF: class HC
,Cul3,26554,cullin 3,mouse,7,TcoF: class HC
,Dab2,13132,"disabled 2, mitogen-responsive phosphoprotein",mouse,1,TcoF: class HC
,Dapk3,13144,death-associated protein kinase 3,mouse,3,TcoF: class 2
,Daxx,13163,Fas death domain-associated protein,mouse,3,TcoF: class HC
,Ddx17,67040,DEAD (Asp-Glu-Ala-Asp) box polypeptide 17,mouse,3,TcoF: class 3
,Ddx5,13207,DEAD (Asp-Glu-Ala-Asp) box polypeptide 5,mouse,10,TcoF: class 1
,Dnttip2,99480,"deoxynucleotidyltransferase, terminal, interacting protein 2",mouse,1,TcoF: class 3
,Dpy30,66310,"dpy-30, histone methyltransferase complex regulatory subunit",mouse,3,TcoF: class 3
,Dvl2,13543,dishevelled segment polarity protein 2,mouse,1,TcoF: class 2
,Dynll1,56455,dynein light chain LC8-type 1,mouse,1,TcoF: class 3
,Eed,13626,embryonic ectoderm development,mouse,64,TcoF: class 2
,Egln1,112405,egl-9 family hypoxia-inducible factor 1,mouse,1,TcoF: class 3
,Ehmt1,77683,euchromatic histone methyltransferase 1,mouse,5,TcoF: class HC
,Ehmt2,110147,euchromatic histone lysine N-methyltransferase 2,mouse,7,TcoF: class HC
,Eif4a3,192170,eukaryotic translation initiation factor 4A3,mouse,1,TcoF: class HC
,Ell,13716,elongation factor RNA polymerase II,mouse,2,TcoF: class 3
,Emsy,233545,"EMSY, BRCA2-interacting transcriptional repressor",mouse,4,TcoF: class 3
,Epc1,13831,enhancer of polycomb homolog 1 (Drosophila),mouse,5,TcoF: class 3
,Epc2,227867,enhancer of polycomb homolog 2 (Drosophila),mouse,3,TcoF: class 3
,Erbb2,13866,erb-b2 receptor tyrosine kinase 2,mouse,1,TcoF: class 3
,Erbb2ip,59079,Erbb2 interacting protein,mouse,6,TcoF: class 3
,Ewsr1,14030,Ewing sarcoma breakpoint region 1,mouse,26,TcoF: class 2
,Exosc9,50911,exosome component 9,mouse,1,TcoF: class 3
,Eya1,14048,EYA transcriptional coactivator and phosphatase 1,mouse,8,TcoF: class HC
,Eya2,14049,EYA transcriptional coactivator and phosphatase 2,mouse,1,TcoF: class 2
,Eya3,14050,EYA transcriptional coactivator and phosphatase 3,mouse,5,TcoF: class 2
,Eya4,14051,EYA transcriptional coactivator and phosphatase 4,mouse,1,TcoF: class 3
,Fancd2,211651,"Fanconi anemia, complementation group D2",mouse,1,TcoF: class HC
,Fbxw11,103583,F-box and WD-40 domain protein 11,mouse,1,TcoF: class HC
,Fer,14158,fer (fms/fps related) protein kinase,mouse,1,TcoF: class 3
,Fgf2,14173,fibroblast growth factor 2,mouse,1,TcoF: class 1
,Fhl2,14200,four and a half LIM domains 2,mouse,2,TcoF: class HC
,Flii,14248,flightless I actin binding protein,mouse,1,TcoF: class 3
,Flna,192176,"filamin, alpha",mouse,3,TcoF: class 3
,Gmcl1,23885,"germ cell-less, spermatogenesis associated 1",mouse,1,TcoF: class HC
,Gmnn,57441,geminin,mouse,9,TcoF: class HC
,Gnas,14683,"GNAS (guanine nucleotide binding protein, alpha stimulating) complex locus",mouse,1,TcoF: class 3
,Gnl3,30877,guanine nucleotide binding protein-like 3 (nucleolar),mouse,1,TcoF: class 2
,Gps2,56310,G protein pathway suppressor 2,mouse,4,TcoF: class 2
,Gsk3b,56637,glycogen synthase kinase 3 beta,mouse,6,TcoF: class HC
,Gtf2e1,74197,"general transcription factor II E, polypeptide 1 (alpha subunit)",mouse,9,TcoF: class 3
,Gtf2h1,14884,"general transcription factor II H, polypeptide 1",mouse,2,TcoF: class 2
,Gtf2h2,23894,"general transcription factor II H, polypeptide 2",mouse,2,TcoF: class 3
,Gtf2h5,66467,"general transcription factor IIH, polypeptide 5",mouse,1,TcoF: class 2
,Hat1,107435,histone aminotransferase 1,mouse,1,TcoF: class 3
,Hax1,23897,HCLS1 associated X-1,mouse,1,TcoF: class 3
,Hcfc1,15161,host cell factor C1,mouse,7,TcoF: class 2
,Hcls1,15163,hematopoietic cell specific Lyn substrate 1,mouse,1,TcoF: class HC
,Hdac10,170787,histone deacetylase 10,mouse,4,TcoF: class 3
,Hdac11,232232,histone deacetylase 11,mouse,1,TcoF: class 3
,Hdac2,15182,histone deacetylase 2,mouse,38,TcoF: class HC
,Hdac5,15184,histone deacetylase 5,mouse,6,TcoF: class HC
,Hdac6,15185,histone deacetylase 6,mouse,4,TcoF: class 2
,Hdac7,56233,histone deacetylase 7,mouse,4,TcoF: class 1
,Hdac8,70315,histone deacetylase 8,mouse,1,TcoF: class 3
,Hdac9,79221,histone deacetylase 9,mouse,3,TcoF: class HC
,Heatr1,217995,HEAT repeat containing 1,mouse,1,TcoF: class 3
,Hells,15201,"helicase, lymphoid specific",mouse,6,TcoF: class HC
,Hif1an,319594,"hypoxia-inducible factor 1, alpha subunit inhibitor",mouse,1,TcoF: class 3
,Hint1,15254,histidine triad nucleotide binding protein 1,mouse,2,TcoF: class 2
,Hira,15260,histone cell cycle regulator,mouse,9,TcoF: class 2
,Hist2h3c1,15077,"histone cluster 2, H3c1",mouse,2,TcoF: class HC
,Hmgb1,15289,high mobility group box 1,mouse,3,TcoF: class HC
,Hnrnpa2b1,53379,heterogeneous nuclear ribonucleoprotein A2/B1,mouse,1,TcoF: class HC
,Hspa8,15481,heat shock protein 8,mouse,3,TcoF: class 3
,Hsph1,15505,heat shock 105kDa/110kDa protein 1,mouse,1,TcoF: class HC
,Ice1,218333,interactor of little elongation complex ELL subunit 1,mouse,2,TcoF: class 3
,Ifi204,15951,interferon activated gene 204,mouse,5,TcoF: class 1
,Ifrd1,15982,interferon-related developmental regulator 1,mouse,1,TcoF: class 2
,Ikbkb,16150,inhibitor of kappaB kinase beta,mouse,4,TcoF: class 3
,Ikbkg,16151,inhibitor of kappaB kinase gamma,mouse,9,TcoF: class 3
,Ilk,16202,integrin linked kinase,mouse,2,TcoF: class 1
,Ing3,71777,"inhibitor of growth family, member 3",mouse,4,TcoF: class 3
,Ing4,28019,"inhibitor of growth family, member 4",mouse,1,TcoF: class 2
,Irak1,16179,interleukin-1 receptor-associated kinase 1,mouse,3,TcoF: class 1
,Irf2bpl,238330,interferon regulatory factor 2 binding protein-like,mouse,1,TcoF: class 3
,Itch,16396,"itchy, E3 ubiquitin protein ligase",mouse,6,TcoF: class HC
,Jade1,269424,jade family PHD finger 1,mouse,6,TcoF: class 2
,Jak2,16452,Janus kinase 2,mouse,3,TcoF: class HC
,Jmjd1c,108829,jumonji domain containing 1C,mouse,4,TcoF: class 3
,Jup,16480,junction plakoglobin,mouse,1,TcoF: class 3
,Kat2a,14534,K(lysine) acetyltransferase 2A,mouse,9,TcoF: class HC
,Kat2b,18519,K(lysine) acetyltransferase 2B,mouse,11,TcoF: class HC
,Kdm4a,230674,lysine (K)-specific demethylase 4A,mouse,4,TcoF: class 3
,Kdm4b,193796,lysine (K)-specific demethylase 4B,mouse,6,TcoF: class 2
,Kdm4c,76804,lysine (K)-specific demethylase 4C,mouse,5,TcoF: class 3
,Kdm6b,216850,KDM1 lysine (K)-specific demethylase 6B,mouse,3,TcoF: class HC
,Keap1,50868,kelch-like ECH-associated protein 1,mouse,2,TcoF: class 1
,Khdrbs1,20218,"KH domain containing, RNA binding, signal transduction associated 1",mouse,2,TcoF: class HC
,Kmt2d,381022,lysine (K)-specific methyltransferase 2D,mouse,7,TcoF: class 1
,Kpna6,16650,karyopherin (importin) alpha 6,mouse,1,TcoF: class 1
,Lancl2,71835,LanC (bacterial lantibiotic synthetase component C)-like 2,mouse,1,TcoF: class 3
,Ldb2,16826,LIM domain binding 2,mouse,10,TcoF: class 1
,Leo1,235497,"Leo1, Paf1/RNA polymerase II complex component",mouse,2,TcoF: class 3
,Litaf,56722,LPS-induced TN factor,mouse,2,TcoF: class 3
,Lmcd1,30937,LIM and cysteine-rich domains 1,mouse,1,TcoF: class HC
,Lmo1,109594,LIM domain only 1,mouse,1,TcoF: class HC
,Lpin1,14245,lipin 1,mouse,1,TcoF: class HC
,Lpxn,107321,leupaxin,mouse,1,TcoF: class HC
,Maged1,94275,"melanoma antigen, family D, 1",mouse,6,TcoF: class HC
,Map2k1,26395,mitogen-activated protein kinase kinase 1,mouse,2,TcoF: class 3
,Map2k5,23938,mitogen-activated protein kinase kinase 5,mouse,2,TcoF: class 3
,Mapk1,26413,mitogen-activated protein kinase 1,mouse,5,TcoF: class 2
,Mapk14,26416,mitogen-activated protein kinase 14,mouse,3,TcoF: class HC
,Mapk3,26417,mitogen-activated protein kinase 3,mouse,3,TcoF: class HC
,Mapk7,23939,mitogen-activated protein kinase 7,mouse,1,TcoF: class 2
,Mapk8,26419,mitogen-activated protein kinase 8,mouse,4,TcoF: class 2
,Mapk9,26420,mitogen-activated protein kinase 9,mouse,1,TcoF: class 3
,Mbtd1,103537,mbt domain containing 1,mouse,2,TcoF: class 3
,Mdfi,17240,MyoD family inhibitor,mouse,1,TcoF: class HC
,Mdm2,17246,transformed mouse 3T3 cell double minute 2,mouse,4,TcoF: class 2
,Mdm4,17248,transformed mouse 3T3 cell double minute 4,mouse,1,TcoF: class 3
,Meaf6,70088,MYST/Esa1-associated factor 6,mouse,1,TcoF: class 3
,Med12,59024,mediator complex subunit 12,mouse,3,TcoF: class HC
,Med13,327987,mediator complex subunit 13,mouse,3,TcoF: class HC
,Med13l,76199,mediator complex subunit 13-like,mouse,2,TcoF: class 2
,Med14,26896,mediator complex subunit 14,mouse,5,TcoF: class 2
,Med15,94112,mediator complex subunit 15,mouse,2,TcoF: class 3
,Med16,216154,mediator complex subunit 16,mouse,11,TcoF: class 2
,Med17,234959,mediator complex subunit 17,mouse,4,TcoF: class 2
,Med18,67219,mediator complex subunit 18,mouse,3,TcoF: class 2
,Med19,381379,mediator complex subunit 19,mouse,3,TcoF: class 2
,Med20,56771,mediator complex subunit 20,mouse,2,TcoF: class 2
,Med21,108098,mediator complex subunit 21,mouse,2,TcoF: class 2
,Med23,70208,mediator complex subunit 23,mouse,3,TcoF: class 2
,Med24,23989,mediator complex subunit 24,mouse,3,TcoF: class 2
,Med25,75613,mediator complex subunit 25,mouse,4,TcoF: class HC
,Med27,68975,mediator complex subunit 27,mouse,3,TcoF: class 2
,Med28,66999,mediator complex subunit 28,mouse,1,TcoF: class 2
,Med29,67224,mediator complex subunit 29,mouse,2,TcoF: class 3
,Med30,69790,mediator complex subunit 30,mouse,2,TcoF: class 2
,Med31,67279,mediator complex subunit 31,mouse,3,TcoF: class 2
,Med4,67381,mediator complex subunit 4,mouse,3,TcoF: class 2
,Med7,66213,mediator complex subunit 7,mouse,2,TcoF: class 2
,Med8,80509,mediator complex subunit 8,mouse,3,TcoF: class 2
,Mkl1,223701,MKL (megakaryoblastic leukemia)/myocardin-like 1,mouse,1,TcoF: class HC
,Mms19,72199,MMS19 (MET18 S. cerevisiae),mouse,2,TcoF: class 3
,Morf4l1,21761,mortality factor 4 like 1,mouse,4,TcoF: class 3
,Morf4l2,56397,mortality factor 4 like 2,mouse,2,TcoF: class 3
,Mrgbp,73247,MRG/MORF4L binding protein,mouse,4,TcoF: class 3
,Mtor,56717,mechanistic target of rapamycin (serine/threonine kinase),mouse,2,TcoF: class 2
,Myocd,214384,myocardin,mouse,4,TcoF: class HC
,Nab1,17936,Ngfi-A binding protein 1,mouse,1,TcoF: class 1
,Nab2,17937,Ngfi-A binding protein 2,mouse,2,TcoF: class HC
,Nacc1,66830,"nucleus accumbens associated 1, BEN and BTB (POZ) domain containing",mouse,14,TcoF: class 3
,Ndnl2,66647,necdin-like 2,mouse,1,TcoF: class 1
,Nelfcd,57314,"negative elongation factor complex member C/D, Th1l",mouse,2,TcoF: class 3
,Nkap,67050,NFKB activating protein,mouse,1,TcoF: class 1
,Nlk,18099,nemo like kinase,mouse,1,TcoF: class HC
,Noc2l,57741,NOC2 like nucleolar associated transcriptional repressor,mouse,1,TcoF: class 3
,Notch1,18128,notch 1,mouse,2,TcoF: class HC
,Notch2,18129,notch 2,mouse,1,TcoF: class HC
,Notch3,18131,notch 3,mouse,1,TcoF: class HC
,Notch4,18132,notch 4,mouse,2,TcoF: class 3
,Npat,244879,nuclear protein in the AT region,mouse,1,TcoF: class 3
,Nrg1,211323,neuregulin 1,mouse,1,TcoF: class HC
,Nrip1,268903,nuclear receptor interacting protein 1,mouse,8,TcoF: class HC
,Nrip2,60345,nuclear receptor interacting protein 2,mouse,3,TcoF: class HC
,Nsd1,18193,nuclear receptor-binding SET-domain protein 1,mouse,1,TcoF: class HC
,Nup85,445007,nucleoporin 85,mouse,1,TcoF: class 3
,Ogt,108155,O-linked N-acetylglucosamine (GlcNAc) transferase (UDP-N-acetylglucosamine:polypeptide-N-acetylglucosaminyl transferase),mouse,8,TcoF: class 3
,Paf1,54624,"Paf1, RNA polymerase II complex component",mouse,1,TcoF: class 1
,Park2,50873,"Parkinson disease (autosomal recessive, juvenile) 2, parkin",mouse,1,TcoF: class 2
,Park7,57320,"Parkinson disease (autosomal recessive, early onset) 7",mouse,5,TcoF: class HC
,Parp14,547253,"poly (ADP-ribose) polymerase family, member 14",mouse,1,TcoF: class 3
,Paxip1,55982,PAX interacting (with transcription-activation domain) protein 1,mouse,4,TcoF: class HC
,Pcbd1,13180,pterin 4 alpha carbinolamine dehydratase/dimerization cofactor of hepatocyte nuclear factor 1 alpha (TCF1) 1,mouse,6,TcoF: class 2
,Pcbd2,72562,pterin 4 alpha carbinolamine dehydratase/dimerization cofactor of hepatocyte nuclear factor 1 alpha (TCF1) 2,mouse,1,TcoF: class 2
,Pcgf5,76073,polycomb group ring finger 5,mouse,1,TcoF: class 3
,Pdcd4,18569,programmed cell death 4,mouse,2,TcoF: class 3
,Pelp1,75273,"proline, glutamic acid and leucine rich protein 1",mouse,2,TcoF: class 3
,Per1,18626,period circadian clock 1,mouse,8,TcoF: class HC
,Per2,18627,period circadian clock 2,mouse,7,TcoF: class HC
,Per3,18628,period circadian clock 3,mouse,2,TcoF: class 1
,Pex14,56273,peroxisomal biogenesis factor 14,mouse,1,TcoF: class 3
,Pfn1,18643,profilin 1,mouse,1,TcoF: class HC
,Phf1,21652,PHD finger protein 1,mouse,1,TcoF: class 3
,Phf10,72057,PHD finger protein 10,mouse,2,TcoF: class 2
,Phf19,74016,PHD finger protein 19,mouse,1,TcoF: class HC
,Phf2,18676,PHD finger protein 2,mouse,3,TcoF: class 3
,Pias3,229615,protein inhibitor of activated STAT 3,mouse,5,TcoF: class 2
,Picalm,233489,phosphatidylinositol binding clathrin assembly protein,mouse,1,TcoF: class 3
,Pik3r1,18708,"phosphatidylinositol 3-kinase, regulatory subunit, polypeptide 1 (p85 alpha)",mouse,4,TcoF: class HC
,Pin1,23988,protein (peptidyl-prolyl cis/trans isomerase) NIMA-interacting 1,mouse,4,TcoF: class 2
,Pkd1,18763,polycystic kidney disease 1 homolog,mouse,1,TcoF: class 2
,Pkn2,109333,protein kinase N2,mouse,1,TcoF: class 2
,Plk1,18817,polo-like kinase 1,mouse,3,TcoF: class 2
,Polr3f,70408,polymerase (RNA) III (DNA directed) polypeptide F,mouse,1,TcoF: class 3
,Ppargc1b,170826,"peroxisome proliferative activated receptor, gamma, coactivator 1 beta",mouse,2,TcoF: class 1
,Pphln1,223828,periphilin 1,mouse,1,TcoF: class 3
,Ppid,67738,peptidylprolyl isomerase D (cyclophilin D),mouse,1,TcoF: class 3
,Ppie,56031,peptidylprolyl isomerase E (cyclophilin E),mouse,1,TcoF: class 3
,Ppp2ca,19052,"protein phosphatase 2 (formerly 2A), catalytic subunit, alpha isoform",mouse,3,TcoF: class 3
,Prdx5,54683,peroxiredoxin 5,mouse,1,TcoF: class 3
,Prkaa1,105787,"protein kinase, AMP-activated, alpha 1 catalytic subunit",mouse,2,TcoF: class 2
,Prkcz,18762,"protein kinase C, zeta",mouse,1,TcoF: class 2
,Prmt1,15469,protein arginine N-methyltransferase 1,mouse,5,TcoF: class 3
,Prmt2,15468,protein arginine N-methyltransferase 2,mouse,1,TcoF: class HC
,Prmt5,27374,protein arginine N-methyltransferase 5,mouse,5,TcoF: class HC
,Prmt6,99890,protein arginine N-methyltransferase 6,mouse,1,TcoF: class 1
,Prmt7,214572,protein arginine N-methyltransferase 7,mouse,1,TcoF: class 3
,Prpf6,68879,pre-mRNA splicing factor 6,mouse,2,TcoF: class 3
,Psen1,19164,presenilin 1,mouse,1,TcoF: class HC
,Psma6,26443,"proteasome (prosome, macropain) subunit, alpha type 6",mouse,1,TcoF: class 2
,Psmc1,19179,"protease (prosome, macropain) 26S subunit, ATPase 1",mouse,2,TcoF: class 3
,Psmc3,19182,"proteasome (prosome, macropain) 26S subunit, ATPase 3",mouse,3,TcoF: class 3
,Psmc4,23996,"proteasome (prosome, macropain) 26S subunit, ATPase, 4",mouse,2,TcoF: class 3
,Psmc5,19184,"protease (prosome, macropain) 26S subunit, ATPase 5",mouse,2,TcoF: class 1
,Psmc6,67089,"proteasome (prosome, macropain) 26S subunit, ATPase, 6",mouse,1,TcoF: class 3
,Psmd10,53380,"proteasome (prosome, macropain) 26S subunit, non-ATPase, 10",mouse,1,TcoF: class 3
,Pten,19211,phosphatase and tensin homolog,mouse,1,TcoF: class 2
,Pus1,56361,pseudouridine synthase 1,mouse,1,TcoF: class HC
,Pygo1,72135,pygopus 1,mouse,2,TcoF: class HC
,Rad21,19357,RAD21 cohesin complex component,mouse,4,TcoF: class 2
,Raf1,110157,v-raf-leukemia viral oncogene 1,mouse,1,TcoF: class 1
,Ralgapa1,56784,"Ral GTPase activating protein, alpha subunit 1",mouse,1,TcoF: class HC
,Rasd1,19416,"RAS, dexamethasone-induced 1",mouse,1,TcoF: class 3
,Rbbp4,19646,retinoblastoma binding protein 4,mouse,15,TcoF: class 2
,Rbbp5,213464,retinoblastoma binding protein 5,mouse,10,TcoF: class 3
,Rbbp7,245688,retinoblastoma binding protein 7,mouse,14,TcoF: class HC
,Rbfox2,93686,"RNA binding protein, fox-1 homolog (C. elegans) 2",mouse,2,TcoF: class 2
,Rbl1,19650,retinoblastoma-like 1 (p107),mouse,4,TcoF: class HC
,Rbm14,56275,RNA binding motif protein 14,mouse,4,TcoF: class 3
,Rbm15,229700,RNA binding motif protein 15,mouse,1,TcoF: class HC
,Rbm39,170791,RNA binding motif protein 39,mouse,2,TcoF: class 3
,Rbmx,19655,"RNA binding motif protein, X chromosome",mouse,1,TcoF: class 3
,Ring1,19763,ring finger protein 1,mouse,1,TcoF: class HC
,Rlim,19820,"ring finger protein, LIM domain interacting",mouse,2,TcoF: class HC
,Rnf111,93836,ring finger 111,mouse,2,TcoF: class HC
,Rnf14,56736,ring finger protein 14,mouse,6,TcoF: class 3
,Rnf2,19821,ring finger protein 2,mouse,28,TcoF: class HC
,Rnf20,109331,ring finger protein 20,mouse,2,TcoF: class 3
,Rpl11,67025,ribosomal protein L11,mouse,1,TcoF: class 2
,Rps6ka3,110651,ribosomal protein S6 kinase polypeptide 3,mouse,2,TcoF: class 3
,Rps6ka5,73086,"ribosomal protein S6 kinase, polypeptide 5",mouse,3,TcoF: class HC
,Rptor,74370,"regulatory associated protein of MTOR, complex 1",mouse,1,TcoF: class 3
,Rqcd1,58184,RCD1 required for cell differentiation 1 homolog,mouse,1,TcoF: class 3
,Rrn3,106298,RRN3 RNA polymerase I transcription factor homolog (yeast),mouse,1,TcoF: class 1
,Rrp8,101867,"ribosomal RNA processing 8, methyltransferase, homolog (yeast)",mouse,1,TcoF: class 3
,Ruvbl1,56505,RuvB-like protein 1,mouse,7,TcoF: class 3
,Ruvbl2,20174,RuvB-like protein 2,mouse,9,TcoF: class 3
,Sap130,269003,Sin3A associated protein,mouse,4,TcoF: class 3
,Sap18,20220,Sin3-associated polypeptide 18,mouse,4,TcoF: class 3
,Sap30bp,57230,SAP30 binding protein,mouse,1,TcoF: class 3
,Sarnp,66118,SAP domain containing ribonucleoprotein,mouse,1,TcoF: class HC
,Scand1,19018,SCAN domain-containing 1,mouse,4,TcoF: class 1
,Senp1,223870,SUMO1/sentrin specific peptidase 1,mouse,1,TcoF: class 3
,Sertad1,55942,SERTA domain containing 1,mouse,4,TcoF: class HC
,Sertad2,58172,SERTA domain containing 2,mouse,1,TcoF: class 1
,Sertad3,170742,SERTA domain containing 3,mouse,1,TcoF: class 1
,Setd7,73251,SET domain containing (lysine methyltransferase) 7,mouse,1,TcoF: class 3
,Setx,269254,senataxin,mouse,3,TcoF: class 3
,Sf1,22668,splicing factor 1,mouse,3,TcoF: class 3
,Sgf29,75565,SAGA complex associated factor 29,mouse,2,TcoF: class 2
,Sin3b,20467,"transcriptional regulator, SIN3B (yeast)",mouse,4,TcoF: class HC
,Sirt1,93759,sirtuin 1,mouse,37,TcoF: class HC
,Sirt2,64383,sirtuin 2,mouse,4,TcoF: class HC
,Sirt6,50721,sirtuin 6,mouse,2,TcoF: class HC
,Sirt7,209011,sirtuin 7,mouse,1,TcoF: class 3
,Sltm,66660,"SAFB-like, transcription modulator",mouse,1,TcoF: class 3
,Snapc5,330959,"small nuclear RNA activating complex, polypeptide 5",mouse,2,TcoF: class 3
,Snd1,56463,staphylococcal nuclease and tudor domain containing 1,mouse,4,TcoF: class 2
,Snw1,66354,SNW domain containing 1,mouse,2,TcoF: class 3
,Sorbs3,20410,sorbin and SH3 domain containing 3,mouse,1,TcoF: class HC
,Spop,20747,speckle-type POZ protein,mouse,3,TcoF: class HC
,Sqstm1,18412,sequestosome 1,mouse,4,TcoF: class 1
,Src,20779,Rous sarcoma oncogene,mouse,3,TcoF: class 2
,Srfbp1,67222,serum response factor binding protein 1,mouse,1,TcoF: class 2
,Ss18,268996,"synovial sarcoma translocation, Chromosome 18",mouse,3,TcoF: class 2
,Strap,20901,serine/threonine kinase receptor associated protein,mouse,1,TcoF: class 1
,Strm,100504617,striamin,mouse,1,TcoF: class HC
,Suds3,71954,suppressor of defective silencing 3 homolog (S. cerevisiae),mouse,3,TcoF: class HC
,Sufu,24069,suppressor of fused homolog (Drosophila),mouse,8,TcoF: class HC
,Sumo1,22218,small ubiquitin-like modifier 1,mouse,10,TcoF: class HC
,Sumo2,170930,small ubiquitin-like modifier 2,mouse,6,TcoF: class 1
,Supt16,114741,suppressor of Ty 16,mouse,6,TcoF: class 3
,Supt4a,20922,suppressor of Ty 4A,mouse,1,TcoF: class 1
,Suv39h1,20937,suppressor of variegation 3-9 homolog 1 (Drosophila),mouse,2,TcoF: class HC
,Suv39h2,64707,suppressor of variegation 3-9 homolog 2 (Drosophila),mouse,2,TcoF: class HC
,Suz12,52615,suppressor of zeste 12 homolog (Drosophila),mouse,15,TcoF: class HC
,Syk,20963,spleen tyrosine kinase,mouse,1,TcoF: class 3
,Tada3,101206,transcriptional adaptor 3,mouse,1,TcoF: class HC
,Taf3,209361,TATA-box binding protein associated factor 3,mouse,5,TcoF: class HC
,Taf6l,225895,TATA-box binding protein associated factor 6 like,mouse,1,TcoF: class 3
,Taf7,24074,TATA-box binding protein associated factor 7,mouse,1,TcoF: class HC
,Taf7l,74469,TATA-box binding protein associated factor 7 like,mouse,1,TcoF: class 2
,Tceb1,67923,"transcription elongation factor B (SIII), polypeptide 1",mouse,2,TcoF: class 2
,Tceb2,67673,"transcription elongation factor B (SIII), polypeptide 2",mouse,2,TcoF: class 2
,Tcerg1,56070,transcription elongation regulator 1 (CA150),mouse,1,TcoF: class 3
,Tdg,21665,thymine DNA glycosylase,mouse,1,TcoF: class HC
,Tdrd3,219249,tudor domain containing 3,mouse,1,TcoF: class 3
,Tgfb1i1,21804,transforming growth factor beta 1 induced transcript 1,mouse,3,TcoF: class 3
,Thoc5,107829,THO complex 5,mouse,1,TcoF: class 2
,Thrap3,230753,thyroid hormone receptor associated protein 3,mouse,2,TcoF: class HC
,Tle1,21885,transducin-like enhancer of split 1,mouse,8,TcoF: class HC
,Tle3,21887,transducin-like enhancer of split 3,mouse,1,TcoF: class 3
,Tle4,21888,transducin-like enhancer of split 4,mouse,6,TcoF: class 1
,Tpr,108989,"translocated promoter region, nuclear basket protein",mouse,2,TcoF: class 2
,Traf6,22034,TNF receptor-associated factor 6,mouse,6,TcoF: class 1
,Traf7,224619,TNF receptor-associated factor 7,mouse,1,TcoF: class HC
,Trib1,211770,tribbles pseudokinase 1,mouse,2,TcoF: class 1
,Trib2,217410,tribbles pseudokinase 2,mouse,1,TcoF: class 3
,Trib3,228775,tribbles pseudokinase 3,mouse,1,TcoF: class HC
,Trim11,94091,tripartite motif-containing 11,mouse,2,TcoF: class HC
,Trim32,69807,tripartite motif-containing 32,mouse,2,TcoF: class HC
,Trip4,56404,thyroid hormone receptor interactor 4,mouse,2,TcoF: class 3
,Trrap,100683,transformation/transcription domain-associated protein,mouse,5,TcoF: class 1
,Tsg101,22088,tumor susceptibility gene 101,mouse,2,TcoF: class 1
,Txn1,22166,thioredoxin 1,mouse,1,TcoF: class HC
,Ube2b,22210,ubiquitin-conjugating enzyme E2B,mouse,1,TcoF: class HC
,Ube2i,22196,ubiquitin-conjugating enzyme E2I,mouse,11,TcoF: class HC
,Ube2n,93765,ubiquitin-conjugating enzyme E2N,mouse,3,TcoF: class 2
,Uchl5,56207,ubiquitin carboxyl-terminal esterase L5,mouse,1,TcoF: class 3
,Usp2,53376,ubiquitin specific peptidase 2,mouse,2,TcoF: class 2
,Usp7,252870,ubiquitin specific peptidase 7,mouse,3,TcoF: class 2
,Vgll2,215031,vestigial like family member 2,mouse,2,TcoF: class HC
,Vgll4,232334,vestigial like family member 4,mouse,1,TcoF: class 3
,Vhl,22346,von Hippel-Lindau tumor suppressor,mouse,2,TcoF: class 2
,Wac,225131,WW domain containing adaptor with coiled-coil,mouse,2,TcoF: class 2
,Wdr5,140858,WD repeat domain 5,mouse,13,TcoF: class HC
,Wdr75,73674,WD repeat domain 75,mouse,1,TcoF: class 3
,Whsc1l1,234135,Wolf-Hirschhorn syndrome candidate 1-like 1 (human),mouse,1,TcoF: class 1
,Wwox,80707,WW domain-containing oxidoreductase,mouse,2,TcoF: class HC
,Wwp1,107568,WW domain containing E3 ubiquitin protein ligase 1,mouse,1,TcoF: class 1
,Wwp2,66894,WW domain containing E3 ubiquitin protein ligase 2,mouse,5,TcoF: class HC
,Wwtr1,97064,WW domain containing transcription regulator 1,mouse,8,TcoF: class HC
,Xpo1,103573,exportin 1,mouse,5,TcoF: class 2
,Yap1,22601,yes-associated protein 1,mouse,7,TcoF: class HC
,Ywhab,54401,"tyrosine 3-monooxygenase/tryptophan 5-monooxygenase activation protein, beta polypeptide",mouse,3,TcoF: class 3
,Zmym2,76007,"zinc finger, MYM-type 2",mouse,8,TcoF: class 3