"Table S1. List of human and mouse transcription factors included in this study. The one tested in our M2H screen, the TSPS, the number of interactions in the PPI network and the hub class are shown",,,,,,,,,,,
Entrez gene ID (Human),Symbol (Human),M2H tested,Tissue specificity score,Number of interactions,Hub class,Enterz gene (Mouse),Symbol (Mouse),M2H tested,Tissue specificity score,Number of interactions,Hub class
25 ,ABL1,0,0.21,15,Facilitator,11350,Abl1,0,,2,
142 ,PARP1,1,0.17,22,Facilitator,11545,Parp1,0,,1,
165 ,AEBP1,0,0.77,1,,11568,Aebp1,1,0.69,2,
166 ,AES,0,0.16,12,Facilitator,14797,Aes,1,0.21,2,
190 ,NR0B1,1,3.31,7,,11614,Nr0b1,1,3.34,,
196 ,AHR,0,0.96,18,Facilitator,11622,Ahr,1,1.11,2,
257 ,ALX3,0,,,,11694,Alx3,1,2.19,1,
274 ,BIN1,1,1.44,7,,30948,Bin1,0,0.93,,
322 ,APBB1,0,1.18,4,,11785,Apbb1,0,,,
323 ,APBB2,1,0.36,1,,11787,Apbb2,0,,,
324 ,APC,0,1.20,4,,11789,Apc,0,0.64,1,
326 ,AIRE,0,2.11,2,,11634,Aire,0,1.78,2,
328 ,APEX1,1,0.07,10,,11792,Apex1,0,0.18,,
367 ,AR,0,1.15,68,Specifier,11835,Ar,1,0.48,3,
401 ,PHOX2A,0,3.72,4,,11859,Phox2a,0,1.84,,
405 ,ARNT,1,0.21,19,Facilitator,11863,Arnt,1,0.10,3,
406 ,ARNTL,1,0.32,9,,11865,Arntl,1,0.46,4,
429 ,ASCL1,1,2.03,6,,17172,Ascl1,1,1.63,2,
430 ,ASCL2,0,,,,17173,Ascl2,1,0.42,,
463 ,ATBF1,0,0.47,2,,11906,Zfhx3,0,0.23,,
466 ,ATF1,1,0.31,11,,11908,Atf1,1,0.52,,
467 ,ATF3,1,0.73,13,Facilitator,11910,Atf3,1,1.86,,
468 ,ATF4,1,0.22,14,Facilitator,11911,Atf4,1,0.12,3,
472 ,ATM,0,0.34,10,,11920,Atm,0,0.18,,
473 ,RERE,1,0.22,8,,68703,Rere,0,,1,
474 ,ATOH1,0,,,,11921,Atoh1,1,0.52,2,
546 ,ATRX,1,0.59,6,,728849,LOC728849,0,,,
571 ,BACH1,0,0.56,2,,12013,Bach1,1,0.64,4,
579 ,BAPX1,0,,,,12020,Nkx3-2,0,3.30,,
580 ,BARD1,0,0.42,15,Facilitator,12021,Bard1,1,1.91,1,
602 ,BCL3,0,0.37,17,Facilitator,12051,Bcl3,1,1.16,,
604 ,BCL6,1,0.68,20,Facilitator,12053,Bcl6,1,0.37,2,
639 ,PRDM1,0,0.99,4,,12142,Prdm1,1,1.06,,
646 ,BNC1,0,,,,12173,Bnc1,1,1.22,,
648 ,PCGF4,1,0.34,9,,12151,Bmi1,0,0.84,3,
661 ,POLR3D,1,0.11,11,,67065,Polr3d,1,0.05,,
668 ,FOXL2,1,,,,26927,Foxl2,0,1.76,,
672 ,BRCA1,0,0.73,58,Facilitator,12189,Brca1,1,1.33,6,
675 ,BRCA2,0,1.13,7,,12190,Brca2,0,,3,
676 ,BRDT,0,,,,114642,Brdt,0,,,
677 ,ZFP36L1,1,,,,12192,Zfp36l1,1,,1,
678 ,ZFP36L2,1,,,,12193,Zfp36l2,0,,,
687 ,KLF9,1,0.63,1,,16601,Klf9,1,0.32,,
688 ,KLF5,1,1.18,6,,12224,Klf5,1,0.95,,
689 ,BTF3,1,0.08,2,,218490,Btf3,1,,,
694 ,BTG1,1,0.31,6,,12226,Btg1,1,,2,
860 ,RUNX2,0,1.10,17,Specifier,12393,Runx2,0,1.37,3,
861 ,RUNX1,0,0.81,16,Facilitator,---,---,0,---,,
862 ,RUNX1T1,1,0.78,23,Facilitator,12395,Runx1t1,1,0.76,8,Facilitator
863 ,CBFA2T3,0,0.61,6,,12398,Cbfa2t3,0,,,
864 ,RUNX3,1,1.42,10,,12399,Runx3,0,2.59,,
865 ,CBFB,1,0.22,5,,12400,Cbfb,1,0.67,1,
988 ,CDC5L,1,0.42,11,,71702,Cdc5l,1,0.05,,
1044 ,CDX1,0,1.44,1,,12590,Cdx1,1,1.12,5,
1045 ,CDX2,0,3.67,5,,12591,Cdx2,1,0.54,4,
1046 ,CDX4,1,2.88,1,,12592,Cdx4,1,0.16,3,
1050 ,CEBPA,0,1.40,22,Specifier,12606,Cebpa,1,1.74,2,
1051 ,CEBPB,0,0.80,40,Facilitator,12608,Cebpb,1,0.57,,
1052 ,CEBPD,0,0.52,9,,12609,Cebpd,1,0.71,4,
1053 ,CEBPE,1,3.72,23,Specifier,110794,Cebpe,0,,,
1054 ,CEBPG,1,0.48,13,Facilitator,12611,Cebpg,1,0.18,2,
1059 ,CENPB,1,0.11,4,,12616,Cenpb,0,,1,
1105 ,CHD1,0,0.44,5,,12648,Chd1,0,,,
1106 ,CHD2,0,,,,244059,Chd2,0,,,
1108 ,CHD4,0,0.07,4,,107932,Chd4,1,0.09,6,
1112 ,CHES1,1,,,,71375,Foxn3,1,0.25,,
1161 ,ERCC8,0,0.15,4,,71991,Ercc8,1,0.50,10,Facilitator
1316 ,KLF6,1,0.42,6,,23849,Klf6,1,0.57,,
1382 ,CRABP2,1,0.92,1,,12904,Crabp2,0,,,
1385 ,CREB1,1,0.27,24,Facilitator,12912,Creb1,1,0.23,2,
1386 ,ATF2,1,0.32,21,Facilitator,11909,Atf2,1,0.34,1,
1387 ,CREBBP,0,0.20,153,Facilitator,12914,Crebbp,1,0.23,10,Facilitator
1388 ,CREBL1,0,0.12,3,,12915,Crebl1,1,0.28,,
1389 ,CREBL2,1,,,,232430,Crebl2,0,,,
1390 ,CREM,1,0.40,10,,---,---,0,---,,
1406 ,CRX,0,3.52,4,,12951,Crx,1,1.54,,
1407 ,CRY1,0,0.32,5,,12952,Cry1,0,,1,
1466 ,CSRP2,1,0.80,2,,13008,Csrp2,0,,,
1482 ,NKX2-5,1,4.45,8,,18091,Nkx2-5,1,2.92,3,
1487 ,CTBP1,1,0.17,28,Facilitator,13016,Ctbp1,0,0.18,3,
1499 ,CTNNB1,1,0.18,36,Facilitator,12387,Ctnnb1,1,0.13,7,Facilitator
1523 ,CUTL1,0,0.19,6,,13047,Cux1,0,0.29,,
1601 ,DAB2,1,0.68,3,,13132,Dab2,0,,,
1602 ,DACH1,0,0.68,7,,13134,Dach1,0,,6,
1616 ,DAXX,0,0.11,22,Facilitator,13163,Daxx,1,0.29,2,
1628 ,DBP,1,0.45,4,,13170,Dbp,1,0.83,4,
1642 ,DDB1,1,0.20,8,,13194,Ddb1,1,0.04,,
1643 ,DDB2,1,0.16,4,,107986,Ddb2,0,0.30,,
1649 ,DDIT3,1,0.20,15,Facilitator,13198,Ddit3,1,0.20,2,
1655 ,DDX5,1,0.27,7,,13207,Ddx5,0,,1,
1745 ,DLX1,1,2.83,1,,13390,Dlx1,1,2.38,10,Specifier
1746 ,DLX2,1,3.86,2,,13392,Dlx2,1,2.31,4,
1747 ,DLX3,1,,,,13393,Dlx3,0,0.97,,
1748 ,DLX4,1,,,,13394,Dlx4,1,1.11,2,
1749 ,DLX5,1,2.13,5,,13395,Dlx5,1,2.31,7,Specifier
1750 ,DLX6,1,,,,---,---,0,---,,
1761 ,DMRT1,1,4.92,1,,50796,Dmrt1,1,3.45,,
1786 ,DNMT1,0,0.29,11,,13433,Dnmt1,1,0.53,3,
1788 ,DNMT3A,1,0.41,9,,13435,Dnmt3a,1,0.25,1,
1810 ,DR1,1,0.15,3,,13486,Dr1,1,0.44,,
1820 ,ARID3A,1,0.90,2,,13496,Arid3a,1,0.46,,
1831 ,TSC22D3,0,0.40,6,,14605,Tsc22d3,1,0.32,3,
1840 ,DTX1,0,1.40,3,,14357,Dtx1,0,,,
1869 ,E2F1,1,0.83,30,Facilitator,13555,E2f1,1,1.20,3,
1870 ,E2F2,1,2.70,6,,242705,E2f2,1,1.68,1,
1871 ,E2F3,0,0.20,7,,13557,E2f3,0,0.23,,
1874 ,E2F4,1,0.19,12,Facilitator,104394,E2f4,1,0.11,,
1875 ,E2F5,0,0.22,6,,13559,E2f5,1,0.24,,
1876 ,E2F6,1,0.29,10,,50496,E2f6,1,1.02,,
1877 ,E4F1,0,0.04,4,,13560,E4f1,1,0.18,2,
1879 ,EBF,1,0.73,4,,13591,Ebf1,1,0.89,1,
1915 ,EEF1A1,1,0.21,11,,---,Dlx1,0,---,,
1958 ,EGR1,0,0.91,11,,13653,Egr1,1,1.24,3,
1959 ,EGR2,1,1.01,4,,13654,Egr2,1,1.29,,
1960 ,EGR3,1,,,,13655,Egr3,1,2.06,,
1961 ,EGR4,1,2.88,1,,13656,Egr4,1,2.15,,
1993 ,ELAVL2,1,2.22,4,,15569,Elavl2,1,,1,
1997 ,ELF1,1,0.39,6,,13709,Elf1,1,0.65,,
1998 ,ELF2,1,0.31,3,,69257,Elf2,1,0.34,,
1999 ,ELF3,1,2.14,7,,13710,Elf3,1,1.82,,
2000 ,ELF4,1,0.74,2,,56501,Elf4,1,1.29,,
2001 ,ELF5,1,3.02,2,,13711,Elf5,1,2.13,1,
2002 ,ELK1,1,0.33,13,Facilitator,13712,Elk1,1,0.76,,
2004 ,ELK3,1,0.42,4,,13713,Elk3,1,0.57,,
2005 ,ELK4,1,1.63,5,,13714,Elk4,0,0.50,,
2016 ,EMX1,1,2.44,7,,13796,Emx1,1,2.13,15,Specifier
2018 ,EMX2,1,1.64,3,,13797,Emx2,1,1.61,4,
2019 ,EN1,0,1.88,2,,13798,En1,1,1.99,,
2020 ,EN2,0,3.61,1,,13799,En2,1,2.92,,
2023 ,ENO1,1,,,,433182,EG433182,0,,,
2033 ,EP300,0,0.18,158,Facilitator,328572,Ep300,1,,3,
2034 ,EPAS1,1,1.38,7,,13819,Epas1,1,1.51,2,
2063 ,NR2F6,0,0.26,6,,13864,Nr2f6,1,0.67,4,
2068 ,ERCC2,0,0.11,5,,13871,Ercc2,1,0.21,,
2070 ,EYA4,0,,,,14051,Eya4,1,,,
2071 ,ERCC3,1,0.10,10,,13872,Ercc3,1,0.09,,
2074 ,ERCC6,0,0.27,6,,319955,Ercc6,0,,,
2077 ,ERF,1,,,,13875,Erf,1,0.37,,
2078 ,ERG,1,0.59,6,,13876,Erg,1,1.12,1,
2099 ,ESR1,0,2.09,94,Specifier,13982,Esr1,1,0.72,4,
2100 ,ESR2,1,0.91,27,Facilitator,13983,Esr2,1,1.77,1,
2101 ,ESRRA,0,0.43,6,,26379,Esrra,1,0.26,,
2103 ,ESRRB,0,2.66,2,,26380,Esrrb,1,1.10,,
2104 ,ESRRG,1,0.97,3,,26381,Esrrg,1,1.05,1,
2113 ,ETS1,1,0.88,20,Facilitator,23871,Ets1,1,1.58,2,
2114 ,ETS2,1,0.50,13,Facilitator,23872,Ets2,1,0.35,1,
2115 ,ETV1,1,1.90,4,,14009,Etv1,1,1.70,,
2116 ,ETV2,0,,,,14008,Etv2,1,3.40,,
2117 ,ETV3,1,0.29,1,,---,---,0,---,,
2118 ,ETV4,1,0.75,3,,18612,Etv4,0,1.49,,
2119 ,ETV5,1,0.54,1,,104156,Etv5,1,,,
2120 ,ETV6,1,0.26,6,,14011,Etv6,1,0.26,,
2122 ,EVI1,0,1.25,6,,14013,Evi1,0,1.21,1,
2128 ,EVX1,0,,,,14028,Evx1,0,2.45,,
2130 ,EWSR1,1,0.15,42,Facilitator,14030,Ewsr1,1,0.17,52,Facilitator
2139 ,EYA2,1,1.44,3,,14049,Eya2,1,,1,
2140 ,EYA3,1,0.34,5,,14050,Eya3,1,,6,
2145 ,EZH1,1,0.25,1,,14055,Ezh1,1,0.25,,
2146 ,EZH2,1,0.99,10,,14056,Ezh2,1,0.73,2,
2186 ,FALZ,1,0.51,1,,---,---,0,---,,
2274 ,FHL2,0,2.53,16,Specifier,14200,Fhl2,1,2.96,1,
2290 ,FOXG1B,1,3.27,13,Specifier,15228,Foxg1,1,2.55,,
2291 ,FOXG1A,0,3.39,1,,---,---,0,---,,
2292 ,FOXG1C,0,,,,---,---,0,---,,
2294 ,FOXF1,0,,,,15227,Foxf1a,0,3.05,,
2295 ,FOXF2,0,1.56,2,,14238,Foxf2,1,2.03,,
2296 ,FOXC1,0,,,,17300,Foxc1,1,0.87,,
2297 ,FOXD1,0,,,,15229,Foxd1,1,1.37,,
2298 ,FOXD4,1,,,,---,---,0,---,,
2299 ,FOXI1,0,,,,14233,Foxi1,1,3.34,,
2300 ,FOXL1,0,,,,14241,Foxl1,1,1.99,,
2301 ,FOXE3,0,,,,30923,Foxe3,1,2.85,2,
2302 ,FOXJ1,0,,,,15223,Foxj1,1,1.58,1,
2303 ,FOXC2,0,,,,14234,Foxc2,1,0.80,,
2304 ,FOXE1,0,,,,110805,Foxe1,0,0.68,,
2305 ,FOXM1,1,1.24,3,,14235,Foxm1,1,1.98,,
2306 ,FOXD2,0,,,,17301,Foxd2,1,0.53,,
2307 ,FKHL18,1,0.65,1,,14239,Foxs1,1,0.82,,
2308 ,FOXO1A,0,0.41,13,Facilitator,56458,Foxo1,1,0.35,,
2309 ,FOXO3A,0,0.23,8,,56484,Foxo3a,1,0.56,,
2313 ,FLI1,1,0.85,7,,14247,Fli1,1,1.18,1,
2332 ,FMR1,0,0.52,3,,14265,Fmr1,0,,3,
2353 ,FOS,1,0.89,36,Facilitator,14281,Fos,1,0.78,5,
2354 ,FOSB,0,1.70,2,,14282,Fosb,0,1.36,2,
2355 ,FOSL2,1,0.43,3,,14284,Fosl2,1,0.33,,
2494 ,NR5A2,0,1.34,4,,26424,Nr5a2,1,2.34,1,
2516 ,NR5A1,1,3.64,21,Specifier,26423,Nr5a1,1,2.48,3,
2521 ,FUS,0,0.16,14,Facilitator,233908,Fus,1,,,
2547 ,XRCC6,1,0.07,24,Facilitator,14375,Xrcc6,1,0.07,1,
2551 ,GABPA,1,0.53,7,,14390,Gabpa,1,0.12,1,
2553 ,GABPB2,1,0.26,7,,14391,Gabpb1,1,0.24,1,
2623 ,GATA1,1,3.76,19,Specifier,14460,Gata1,1,2.23,1,
2624 ,GATA2,1,1.70,13,Specifier,14461,Gata2,1,1.20,,
2625 ,GATA3,1,2.16,7,,14462,Gata3,1,1.37,2,
2626 ,GATA4,1,2.67,15,Specifier,14463,Gata4,0,2.21,3,
2627 ,GATA6,0,1.38,3,,14465,Gata6,1,1.45,3,
2637 ,GBX2,0,,,,14472,Gbx2,1,1.29,,
2672 ,GFI1,1,2.89,2,,14581,Gfi1,1,2.31,2,
2735 ,GLI1,1,0.92,5,,14632,Gli1,0,0.96,,
2736 ,GLI2,0,0.91,5,,14633,Gli2,0,0.82,,
2737 ,GLI3,0,0.73,11,,14634,Gli3,0,0.57,1,
2738 ,GLI4,1,,,,---,---,0,---,,
2908 ,NR3C1,1,0.35,59,Facilitator,14815,Nr3c1,1,0.13,6,
2909 ,GRLF1,0,,,,232906,Grlf1,1,,,
2928 ,GSCL,0,3.74,1,,195333,Gsc2,0,3.14,,
2957 ,GTF2A1,1,0.57,10,,83602,Gtf2a1,1,0.22,16,Facilitator
2958 ,GTF2A2,1,0.09,7,,235459,Gtf2a2,1,0.57,,
2959 ,GTF2B,1,0.15,31,Facilitator,229906,Gtf2b,1,0.32,,
2960 ,GTF2E1,1,0.20,21,Facilitator,74197,Gtf2e1,1,0.11,10,Facilitator
2961 ,GTF2E2,1,0.16,13,Facilitator,68153,Gtf2e2,1,1.15,8,Specifier
2962 ,GTF2F1,1,0.10,12,Facilitator,98053,Gtf2f1,1,0.44,1,
2963 ,GTF2F2,1,0.31,21,Facilitator,68705,Gtf2f2,1,,,
2965 ,GTF2H1,1,0.47,21,Facilitator,14884,Gtf2h1,1,0.26,2,
2966 ,GTF2H2,0,0.21,4,,23894,Gtf2h2,1,0.21,3,
2967 ,GTF2H3,1,0.25,1,,209357,Gtf2h3,1,0.04,1,
2968 ,GTF2H4,1,0.10,2,,14885,Gtf2h4,1,0.06,,
2969 ,GTF2I,0,0.23,14,Facilitator,14886,Gtf2i,1,0.11,1,
2971 ,GTF3A,0,0.19,1,,66596,Gtf3a,1,0.12,,
2972 ,BRF1,1,0.30,10,,72308,Brf1,0,,,
2975 ,GTF3C1,0,0.11,7,,233863,Gtf3c1,1,0.18,2,
2976 ,GTF3C2,0,0.07,3,,71752,Gtf3c2,1,,,
3005 ,H1F0,1,0.32,2,,14958,H1f0,0,,,
3006 ,HIST1H1C,1,0.62,1,,50708,Hist1h1c,0,,,
3007 ,HIST1H1D,0,,,,14957,Hist1h1d,0,,,
3008 ,HIST1H1E,0,1.00,1,,50709,Hist1h1e,0,,,
3009 ,HIST1H1B,0,2.15,1,,56702,Hist1h1b,0,,1,
3010 ,HIST1H1T,0,,,,107970,Hist1h1t,0,,,
3017 ,HIST1H2BD,0,0.69,1,,319188,Hist1h2bp,0,,,
3018 ,HIST1H2BB,0,2.15,1,,78303,Hist3h2ba,0,,,
3054 ,HCFC1,1,0.08,21,Facilitator,15161,Hcfc1,0,,,
3059 ,HCLS1,1,0.96,7,,15163,Hcls1,1,,1,
3064 ,HD,0,0.44,16,Facilitator,15194,Htt,0,,,
3065 ,HDAC1,1,0.24,88,Facilitator,433759,Hdac1,0,,8,
3066 ,HDAC2,1,0.38,44,Facilitator,15182,Hdac2,1,0.09,3,
3068 ,HDGF,1,0.15,2,,15191,Hdgf,0,,,
3087 ,HHEX,1,1.71,5,,15242,Hhex,1,1.47,3,
3090 ,HIC1,0,0.57,3,,15248,Hic1,0,0.76,,
3091 ,HIF1A,1,0.39,18,Facilitator,15251,Hif1a,1,0.24,4,
3093 ,HIP2,1,0.30,4,,53323,Ube2k,0,,,
3096 ,HIVEP1,0,0.30,2,,110521,Hivep1,0,0.31,,
3097 ,HIVEP2,0,0.86,1,,15273,Hivep2,1,0.84,1,
3104 ,HKR3,0,0.05,1,,100090,Zbtb48,1,0.19,1,
3110 ,HLXB9,0,,,,15285,Mnx1,1,3.02,,
3131 ,HLF,1,0.82,6,,217082,Hlf,1,0.80,3,
3142 ,HLX1,0,,,,15284,Hlx,1,0.93,,
3148 ,HMGB2,1,1.26,7,,97165,Hmgb2,1,0.85,,
3149 ,HMGB3,1,,,,15354,Hmgb3,1,0.21,,
3150 ,HMGN1,1,0.27,5,,---,---,0,---,,
3151 ,HMGN2,1,0.28,4,,633752,EG633752,0,,,
3159 ,HMGA1,1,1.03,17,Specifier,15361,Hmga1,1,0.84,,
3164 ,NR4A1,1,0.83,10,,15370,Nr4a1,1,0.64,,
3166 ,HMX1,0,,,,15371,Hmx1,0,3.41,,
3169 ,FOXA1,1,3.00,2,,15375,Foxa1,1,2.37,2,
3170 ,FOXA2,1,2.58,7,,15376,Foxa2,1,2.37,,
3171 ,FOXA3,1,2.98,3,,15377,Foxa3,1,3.16,,
3172 ,HNF4A,1,3.46,25,Specifier,15378,Hnf4a,0,2.46,,
3174 ,HNF4G,1,2.16,1,,30942,Hnf4g,1,3.18,6,
3175 ,ONECUT1,0,3.32,4,,15379,Onecut1,1,3.19,,
3182 ,HNRPAB,1,0.08,8,,15384,Hnrnpab,1,0.05,,
3184 ,HNRPD,1,0.09,4,,11991,Hnrnpd,1,,1,
3190 ,HNRPK,1,0.08,12,Facilitator,15387,Hnrnpk,0,0.05,,
3195 ,TLX1,0,3.63,4,,21908,Tlx1,1,2.91,4,
3196 ,TLX2,1,1.35,8,,21909,Tlx2,0,0.95,,
3198 ,HOXA1,1,0.71,2,,15394,Hoxa1,1,0.47,3,
3199 ,HOXA2,0,1.31,1,,15399,Hoxa2,1,1.21,14,Specifier
3200 ,HOXA3,1,0.77,3,,15400,Hoxa3,0,0.97,,
3201 ,HOXA4,0,,,,15401,Hoxa4,1,2.33,1,
3202 ,HOXA5,1,1.67,10,,15402,Hoxa5,1,1.87,2,
3203 ,HOXA6,0,,,,15403,Hoxa6,1,1.52,6,
3204 ,HOXA7,1,1.48,1,,15404,Hoxa7,1,1.97,,
3205 ,HOXA9,0,1.41,11,,15405,Hoxa9,1,2.59,10,Specifier
3206 ,HOXA10,1,1.79,10,,15395,Hoxa10,1,2.74,5,
3207 ,HOXA11,1,2.71,2,,15396,Hoxa11,1,2.69,6,
3209 ,HOXA13,0,2.51,6,,15398,Hoxa13,0,2.93,3,
3211 ,HOXB1,0,3.10,7,,15407,Hoxb1,1,1.25,2,
3212 ,HOXB2,0,0.73,3,,103889,Hoxb2,1,1.40,,
3213 ,HOXB3,1,0.87,2,,15410,Hoxb3,0,1.18,,
3214 ,HOXB4,1,0.57,3,,15412,Hoxb4,1,1.27,2,
3215 ,HOXB5,1,,,,15413,Hoxb5,1,1.65,1,
3216 ,HOXB6,1,1.32,7,,15414,Hoxb6,1,2.16,1,
3217 ,HOXB7,1,1.31,5,,15415,Hoxb7,1,2.02,,
3218 ,HOXB8,1,2.96,4,,15416,Hoxb8,1,2.49,15,Specifier
3219 ,HOXB9,1,2.71,11,,15417,Hoxb9,0,2.87,,
3221 ,HOXC4,1,1.35,2,,15423,Hoxc4,1,1.42,5,
3222 ,HOXC5,1,,,,15424,Hoxc5,1,1.47,3,
3223 ,HOXC6,0,,,,15425,Hoxc6,1,2.26,1,
3224 ,HOXC8,1,1.87,6,,15426,Hoxc8,1,2.16,1,
3225 ,HOXC9,1,1.50,14,Specifier,---,---,0,---,,
3226 ,HOXC10,1,,,,209448,Hoxc10,1,2.88,,
3227 ,HOXC11,1,2.21,10,,109663,Hoxc11,0,,,
3228 ,HOXC12,0,,,,15421,Hoxc12,1,3.24,8,Specifier
3229 ,HOXC13,1,3.05,6,,15422,Hoxc13,1,1.84,1,
3231 ,HOXD1,1,1.36,1,,15429,Hoxd1,1,1.58,1,
3232 ,HOXD3,1,1.75,2,,15434,Hoxd3,1,2.40,4,
3233 ,HOXD4,1,1.64,17,Specifier,15436,Hoxd4,1,1.80,3,
3234 ,HOXD8,1,,,,15437,Hoxd8,0,2.11,,
3235 ,HOXD9,1,1.63,3,,15438,Hoxd9,1,2.49,3,
3236 ,HOXD10,0,2.34,2,,15430,Hoxd10,1,2.69,4,
3237 ,HOXD11,0,2.59,1,,15431,Hoxd11,0,2.93,,
3238 ,HOXD12,0,2.80,3,,15432,Hoxd12,1,1.58,10,Specifier
3239 ,HOXD13,0,3.15,4,,15433,Hoxd13,1,1.62,3,
3280 ,HES1,0,0.46,10,,15205,Hes1,1,0.49,,
3281 ,HSBP1,0,0.11,2,,68196,Hsbp1,1,0.45,1,
3297 ,HSF1,1,0.21,17,Facilitator,642255,LOC642255,0,,,
3298 ,HSF2,0,0.49,2,,15500,Hsf2,1,0.80,,
3299 ,HSF4,0,0.49,1,,26386,Hsf4,1,0.47,,
3344 ,HTLF,1,,,,14236,Foxn2,1,0.42,2,
3394 ,IRF8,0,1.54,5,,15900,Irf8,1,1.54,,
3397 ,ID1,1,0.52,13,Facilitator,15901,Id1,1,0.49,6,
3398 ,ID2,1,0.31,20,Facilitator,15902,Id2,1,0.60,5,
3399 ,ID3,1,0.45,22,Facilitator,15903,Id3,1,0.52,3,
3400 ,ID4,1,1.36,4,,15904,Id4,1,0.85,1,
3428 ,IFI16,1,0.86,6,,15951,Ifi204,1,1.52,,
3431 ,SP110,1,0.73,3,,100041034,LOC100041034,0,,,
3508 ,IGHMBP2,1,,,,20589,Ighmbp2,1,0.15,,
3516 ,RBPSUH,1,0.30,11,,19664,Rbpj,1,1.05,,
3551 ,IKBKB,1,0.14,15,Facilitator,16150,Ikbkb,0,,7,
3607 ,FOXK2,0,,,,68837,Foxk2,0,0.40,,
3608 ,ILF2,1,0.08,2,,67781,Ilf2,0,,,
3609 ,ILF3,0,0.18,3,,16201,Ilf3,1,0.26,,
3621 ,ING1,1,0.11,11,,26356,Ing1,1,0.16,1,
3622 ,ING2,1,0.26,3,,69260,Ing2,1,0.11,,
3642 ,INSM1,0,,,,53626,Insm1,0,,,
3651 ,IPF1,0,4.72,5,,18609,Pdx1,1,1.94,,
3659 ,IRF1,1,0.52,8,,16362,Irf1,1,0.83,,
3660 ,IRF2,1,0.18,8,,16363,Irf2,1,0.26,,
3661 ,IRF3,1,0.10,9,,54131,Irf3,1,0.14,,
3662 ,IRF4,1,3.02,11,,16364,Irf4,1,2.53,1,
3663 ,IRF5,1,1.03,2,,27056,Irf5,1,1.42,2,
3664 ,IRF6,1,0.92,3,,54139,Irf6,1,1.31,,
3665 ,IRF7,0,0.43,5,,54123,Irf7,1,1.30,4,
3670 ,ISL1,1,1.92,12,Specifier,16392,Isl1,1,1.77,3,
3720 ,JARID2,0,0.38,2,,16468,Jarid2,1,,3,
3725 ,JUN,1,0.45,81,Facilitator,16476,Jun,1,0.53,12,Facilitator
3726 ,JUNB,1,0.75,14,Facilitator,16477,Junb,1,0.65,4,
3727 ,JUND,0,0.18,19,Facilitator,16478,Jund,1,0.20,1,
3899 ,AFF3,1,,,,16764,Aff3,0,1.24,,
3975 ,LHX1,0,3.24,2,,16869,Lhx1,1,2.01,2,
4004 ,LMO1,0,2.63,6,,109594,Lmo1,1,1.12,4,
4005 ,LMO2,1,0.26,15,Facilitator,16909,Lmo2,1,0.64,2,
4007 ,LMO6,1,0.32,1,,54630,Prickle3,0,,,
4009 ,LMX1A,1,1.34,2,,110648,Lmx1a,1,1.11,4,
4010 ,LMX1B,1,2.57,3,,16917,Lmx1b,1,1.23,7,Specifier
4066 ,LYL1,1,1.54,4,,17095,Lyl1,1,1.48,,
4084 ,MXD1,1,0.45,10,,17119,Mxd1,1,0.89,2,
4086 ,SMAD1,1,0.22,54,Facilitator,17125,Smad1,1,0.09,2,
4087 ,SMAD2,1,0.17,66,Facilitator,17126,Smad2,1,0.09,2,
4088 ,SMAD3,1,0.19,93,Facilitator,17127,Smad3,1,0.38,3,
4089 ,SMAD4,1,0.20,60,Facilitator,17128,Smad4,1,0.10,2,
4090 ,SMAD5,1,0.36,14,Facilitator,17129,Smad5,1,0.17,1,
4091 ,SMAD6,1,1.13,6,,17130,Smad6,1,1.54,,
4092 ,SMAD7,0,0.19,19,Facilitator,17131,Smad7,1,0.51,,
4093 ,SMAD9,1,0.75,30,Facilitator,55994,Smad9,1,0.64,,
4094 ,MAF,0,0.38,11,,17132,Maf,1,0.86,1,
4097 ,MAFG,1,0.29,11,,17134,Mafg,1,0.35,2,
4149 ,MAX,0,0.11,16,Facilitator,17187,Max,1,0.40,9,Facilitator
4150 ,MAZ,0,0.22,1,,17188,Maz,0,0.12,,
4152 ,MBD1,1,0.04,12,Facilitator,17190,Mbd1,0,,,
4171 ,MCM2,1,0.95,10,,17216,Mcm2,1,0.74,,
4172 ,MCM3,1,0.46,11,,17215,Mcm3,1,0.78,,
4173 ,MCM4,1,0.70,8,,17217,Mcm4,1,0.72,,
4174 ,MCM5,0,0.64,7,,17218,Mcm5,1,1.62,,
4175 ,MCM6,1,0.45,9,,17219,Mcm6,1,0.69,2,
4176 ,MCM7,1,0.40,14,Facilitator,17220,Mcm7,1,0.81,,
4194 ,MDM4,1,0.37,8,,17248,Mdm4,0,,,
4197 ,MDS1,0,1.24,2,,17251,Mds1,0,,,
4204 ,MECP2,1,0.40,3,,17257,Mecp2,1,0.18,1,
4205 ,MEF2A,1,0.43,13,Facilitator,17258,Mef2a,1,0.24,,
4207 ,MEF2B,0,0.34,1,,17259,Mef2b,1,1.55,,
4208 ,MEF2C,1,1.10,12,Specifier,17260,Mef2c,1,0.92,3,
4209 ,MEF2D,1,0.43,8,,17261,Mef2d,1,0.35,2,
4211 ,MEIS1,1,0.73,24,Facilitator,17268,Meis1,1,0.74,18,Facilitator
4212 ,MEIS2,1,0.55,5,,17536,Meis2,1,1.34,8,Specifier
4213 ,MEIS3P1,0,,,,---,---,0,---,,
4221 ,MEN1,1,0.10,10,,17283,Men1,1,,,
4222 ,MEOX1,0,1.23,3,,17285,Meox1,1,0.90,2,
4223 ,MEOX2,0,1.36,2,,17286,Meox2,1,1.78,4,
4261 ,CIITA,0,0.87,8,,12265,Ciita,1,2.35,8,Specifier
4286 ,MITF,1,0.88,11,,17342,Mitf,1,0.53,2,
4297 ,MLL,0,0.28,5,,214162,Mll1,0,0.41,,
4298 ,MLLT1,0,1.39,5,,64144,Mllt1,1,0.23,,
4299 ,AFF1,0,0.33,2,,17355,Aff1,0,0.42,,
4300 ,MLLT3,0,0.50,5,,70122,Mllt3,1,0.44,,
4302 ,MLLT6,1,0.16,3,,246198,Mllt6,0,0.75,,
4303 ,MLLT7,0,0.84,6,,54601,Foxo4,1,0.16,,
4306 ,NR3C2,0,0.60,3,,110784,Nr3c2,0,0.40,,
4332 ,MNDA,1,2.17,4,,---,---,0,---,,
4335 ,MNT,0,0.18,4,,17428,Mnt,1,0.36,,
4435 ,CITED1,1,3.72,7,,12705,Cited1,1,,1,
4487 ,MSX1,1,1.01,15,Specifier,17701,Msx1,0,0.71,3,
4488 ,MSX2,1,1.99,20,Specifier,17702,Msx2,1,2.08,1,
4520 ,MTF1,0,,,,17764,Mtf1,1,0.67,3,
4601 ,MXI1,1,0.30,4,,17859,Mxi1,1,0.32,2,
4602 ,MYB,1,2.57,14,Specifier,17863,Myb,1,1.92,1,
4603 ,MYBL1,0,0.89,1,,17864,Mybl1,0,1.74,,
4605 ,MYBL2,1,1.85,12,Specifier,17865,Mybl2,1,1.60,2,
4609 ,MYC,1,0.58,38,Facilitator,17869,Myc,1,1.35,1,
4610 ,MYCL1,1,0.68,2,,16918,Mycl1,1,0.64,1,
4613 ,MYCN,1,2.32,4,,18109,Mycn,1,0.42,4,
4617 ,MYF5,1,3.42,5,,17877,Myf5,1,3.18,,
4618 ,MYF6,1,4.18,4,,17878,Myf6,1,3.37,,
4654 ,MYOD1,1,4.51,32,Specifier,17927,Myod1,1,3.24,7,Specifier
4656 ,MYOG,1,3.79,10,,17928,Myog,1,2.41,,
4661 ,MYT1,1,,,,17932,Myt1,0,2.19,,
4664 ,NAB1,1,0.41,2,,17936,Nab1,1,0.25,,
4665 ,NAB2,0,0.36,1,,17937,Nab2,1,0.44,1,
4674 ,NAP1L2,1,1.82,2,,17954,Nap1l2,0,,,
4675 ,NAP1L3,1,,,,54561,Nap1l3,0,,,
4676 ,NAP1L4,1,0.12,2,,17955,Nap1l4,0,,,
4692 ,NDN,0,0.43,5,,17984,Ndn,1,1.57,2,
4760 ,NEUROD1,1,3.68,7,,18012,Neurod1,1,2.88,2,
4761 ,NEUROD2,1,,,,18013,Neurod2,1,1.97,,
4762 ,NEUROG1,1,2.41,5,,18014,Neurog1,1,2.13,1,
4772 ,NFATC1,0,0.46,2,,18018,Nfatc1,1,1.31,,
4773 ,NFATC2,0,0.51,12,Facilitator,18019,Nfatc2,0,0.73,2,
4774 ,NFIA,1,0.45,1,,18027,Nfia,1,0.30,,
4775 ,NFATC3,1,0.34,1,,18021,Nfatc3,0,0.34,1,
4776 ,NFATC4,1,0.68,2,,73181,Nfatc4,1,0.95,1,
4778 ,NFE2,1,3.12,10,,18022,Nfe2,1,1.63,59,Specifier
4779 ,NFE2L1,1,0.56,8,,18023,Nfe2l1,1,0.28,,
4780 ,NFE2L2,1,0.46,10,,18024,Nfe2l2,1,0.34,3,
4781 ,NFIB,1,0.58,3,,18028,Nfib,1,0.72,,
4782 ,NFIC,1,0.28,5,,18029,Nfic,1,0.20,1,
4783 ,NFIL3,1,0.76,3,,18030,Nfil3,1,0.85,,
4784 ,NFIX,1,0.69,5,,18032,Nfix,0,0.65,,
4790 ,NFKB1,1,0.17,53,Facilitator,18033,Nfkb1,1,0.52,10,Facilitator
4791 ,NFKB2,1,0.30,27,Facilitator,18034,Nfkb2,1,1.06,4,
4792 ,NFKBIA,1,0.45,20,Facilitator,18035,Nfkbia,0,0.46,3,
4793 ,NFKBIB,1,0.26,19,Facilitator,18036,Nfkbib,1,0.38,1,
4795 ,NFKBIL1,0,,,,18038,Nfkbil1,1,0.14,,
4796 ,NFKBIL2,1,0.59,1,,72749,Nfkbil2,0,,,
4798 ,NFRKB,1,0.09,1,,235134,Nfrkb,0,,,
4799 ,NFX1,1,0.10,1,,74164,Nfx1,1,0.08,,
4800 ,NFYA,1,0.28,19,Facilitator,18044,Nfya,1,0.57,1,
4801 ,NFYB,1,0.62,13,Facilitator,18045,Nfyb,1,0.19,,
4802 ,NFYC,1,0.43,7,,18046,Nfyc,1,0.12,,
4807 ,NHLH1,1,0.78,4,,18071,Nhlh1,1,0.85,,
4808 ,NHLH2,0,2.55,1,,18072,Nhlh2,1,2.66,,
4821 ,NKX2-2,0,2.41,1,,18088,Nkx2-2,1,2.63,1,
4824 ,NKX3-1,1,3.02,3,,18095,Nkx3-1,1,1.42,,
4825 ,NKX6-1,0,,,,18096,Nkx6-1,0,1.66,,
4831 ,NME2,0,0.10,3,,18103,Nme2,0,,1,
4841 ,NONO,1,0.11,9,,53610,Nono,0,,1,
4848 ,CNOT2,1,0.19,2,,72068,Cnot2,1,,,
4849 ,CNOT3,1,0.16,3,,232791,Cnot3,0,,,
4850 ,CNOT4,1,0.38,1,,---,---,0,---,,
4853 ,NOTCH2,0,0.23,5,,18129,Notch2,0,0.97,,
4854 ,NOTCH3,0,0.48,5,,18131,Notch3,0,0.70,,
4855 ,NOTCH4,0,0.44,7,,18132,Notch4,0,1.22,1,
4861 ,NPAS1,0,,,,18142,Npas1,1,2.32,,
4862 ,NPAS2,1,0.44,10,,18143,Npas2,0,1.26,,
4869 ,NPM1,1,0.31,10,,434373,EG434373,0,,,
4899 ,NRF1,1,0.06,3,,18181,Nrf1,1,0.23,,
4901 ,NRL,0,0.22,2,,18185,Nrl,1,1.45,,
4904 ,YBX1,1,0.51,14,Facilitator,22608,Ybx1,1,0.30,,
4929 ,NR4A2,1,0.62,3,,18227,Nr4a2,1,1.47,,
4990 ,SIX6,1,1.83,3,,20476,Six6,1,2.63,4,
4999 ,ORC2L,1,0.16,8,,18393,Orc2l,1,,2,
5013 ,OTX1,1,,,,18423,Otx1,1,1.82,,
5015 ,OTX2,1,3.88,2,,18424,Otx2,1,2.39,9,Specifier
5017 ,OVOL1,0,,,,18426,Ovol1,1,2.00,,
5036 ,PA2G4,1,0.00,6,,18813,Pa2g4,0,---,,
5073 ,PARN,0,0.39,1,,74108,Parn,0,,,
5074 ,PAWR,0,0.75,5,,114774,Pawr,1,,2,
5075 ,PAX1,0,4.70,2,,18503,Pax1,1,2.20,2,
5076 ,PAX2,1,3.57,3,,18504,Pax2,0,,,
5077 ,PAX3,0,2.17,8,,18505,Pax3,1,2.25,3,
5078 ,PAX4,1,,,,18506,Pax4,0,0.74,,
5079 ,PAX5,0,2.90,11,,18507,Pax5,0,3.03,,
5080 ,PAX6,1,2.66,14,Specifier,18508,Pax6,1,2.60,8,Specifier
5081 ,PAX7,0,3.79,1,,18509,Pax7,0,1.81,,
5083 ,PAX9,1,2.86,11,,18511,Pax9,1,1.38,2,
5087 ,PBX1,1,0.40,14,Facilitator,18514,Pbx1,1,0.95,19,Facilitator
5089 ,PBX2,0,0.14,6,,18515,Pbx2,1,0.19,8,Facilitator
5090 ,PBX3,1,0.37,4,,18516,Pbx3,1,0.35,16,Facilitator
5092 ,PCBD1,1,0.45,36,Facilitator,13180,Pcbd1,1,2.16,18,Specifier
5178 ,PEG3,0,,,,18616,Peg3,0,,,
5187 ,PER1,0,0.27,5,,18626,Per1,1,0.58,8,Facilitator
5241 ,PGR,0,1.57,14,Specifier,18667,Pgr,0,1.70,1,
5252 ,PHF1,1,0.10,1,,21652,Phf1,1,0.33,1,
5253 ,PHF2,0,,,,18676,Phf2,1,0.31,4,
5307 ,PITX1,1,2.28,5,,18740,Pitx1,1,1.01,,
5308 ,PITX2,1,2.73,9,,18741,Pitx2,0,1.45,1,
5309 ,PITX3,1,,,,18742,Pitx3,1,2.97,1,
5316 ,PKNOX1,1,0.22,9,,18771,Pknox1,1,0.69,4,
5324 ,PLAG1,0,0.63,1,,56711,Plag1,0,,,
5325 ,PLAGL1,0,0.52,3,,---,---,0,---,,
5326 ,PLAGL2,0,,,,54711,Plagl2,1,0.35,1,
5356 ,PLRG1,1,0.20,2,,53317,Plrg1,1,,1,
5371 ,PML,1,0.15,39,Facilitator,18854,Pml,1,0.82,8,Facilitator
5378 ,PMS1,1,,,,227099,Pms1,1,,1,
5387 ,PMS2L3,0,,,,---,---,0,---,,
5396 ,PRRX1,0,0.96,5,,18933,Prrx1,1,0.75,1,
5411 ,PNN,0,0.26,4,,18949,Pnn,0,,,
5430 ,POLR2A,0,0.22,32,Facilitator,20020,Polr2a,0,0.24,1,
5431 ,POLR2B,1,0.14,10,,231329,Polr2b,1,0.04,3,
5432 ,POLR2C,1,0.09,17,Facilitator,20021,Polr2c,1,0.11,1,
5433 ,POLR2D,1,0.09,15,Facilitator,69241,Polr2d,1,,1,
5434 ,POLR2E,1,0.07,17,Facilitator,66420,Polr2e,1,0.05,1,
5435 ,POLR2F,1,0.06,4,,69833,Polr2f,1,0.05,,
5436 ,POLR2G,1,0.05,11,,67710,Polr2g,1,0.12,,
5437 ,POLR2H,1,0.04,11,,245841,Polr2h,1,0.10,,
5438 ,POLR2I,1,0.15,1,,69920,Polr2i,1,0.13,9,Facilitator
5439 ,POLR2J,1,0.11,3,,20022,Polr2j,1,0.05,2,
5440 ,POLR2K,1,0.16,6,,17749,Polr2k,0,0.11,,
5441 ,POLR2L,0,0.22,7,,100043714,ENSMUSG00000074846,0,,,
5449 ,POU1F1,0,1.03,8,,18736,Pou1f1,0,1.58,,
5450 ,POU2AF1,1,2.79,10,,18985,Pou2af1,1,3.06,,
5451 ,POU2F1,1,0.19,33,Facilitator,18986,Pou2f1,1,0.25,11,Facilitator
5452 ,POU2F2,1,1.18,6,,18987,Pou2f2,1,1.44,,
5453 ,POU3F1,0,1.54,3,,18991,Pou3f1,1,2.06,,
5454 ,POU3F2,1,2.72,8,,18992,Pou3f2,0,2.06,,
5455 ,POU3F3,0,2.44,4,,18993,Pou3f3,0,1.47,,
5456 ,POU3F4,0,2.76,4,,18994,Pou3f4,1,1.88,1,
5457 ,POU4F1,0,1.73,2,,18996,Pou4f1,0,1.48,1,
5458 ,POU4F2,0,2.11,1,,18997,Pou4f2,1,2.47,4,
5459 ,POU4F3,0,,,,18998,Pou4f3,0,1.42,,
5460 ,POU5F1,0,0.36,8,,18999,Pou5f1,1,0.45,,
5462 ,POU5F1P1,0,,,,---,---,0,---,,
5463 ,POU6F1,0,,,,19009,Pou6f1,1,0.77,4,
5465 ,PPARA,1,0.54,16,Facilitator,19013,Ppara,1,1.67,1,
5467 ,PPARD,1,0.31,12,Facilitator,19015,Ppard,1,0.40,3,
5468 ,PPARG,1,1.00,33,Facilitator,19016,Pparg,1,0.44,,
5469 ,PPARBP,0,0.16,25,Facilitator,19014,Med1,1,0.28,3,
5610 ,EIF2AK2,0,0.33,9,,19106,Eif2ak2,0,,,
5626 ,PROP1,0,1.38,2,,19127,Prop1,0,0.14,1,
5629 ,PROX1,1,0.82,7,,19130,Prox1,1,1.06,,
5757 ,PTMA,1,0.19,10,,100043740,ENSMUSG00000068659,0,,,
5813 ,PURA,0,0.37,4,,19290,Pura,0,0.34,1,
5888 ,RAD51,1,0.51,9,,19361,Rad51,0,,1,
5890 ,RAD51L1,1,0.58,4,,19363,Rad51l1,0,,1,
5914 ,RARA,1,0.25,39,Facilitator,19401,Rara,1,0.87,2,
5915 ,RARB,1,0.57,6,,218772,Rarb,1,1.44,2,
5916 ,RARG,1,0.36,3,,19411,Rarg,1,0.93,,
5925 ,RB1,0,0.36,73,Facilitator,19645,Rb1,1,0.14,4,
5926 ,ARID4A,0,0.57,5,,238247,Arid4a,0,,,
5927 ,JARID1A,0,0.26,8,,214899,Jarid1a,1,0.22,,
5928 ,RBBP4,1,0.10,21,Facilitator,19646,Rbbp4,1,,1,
5931 ,RBBP7,0,0.40,10,,245688,Rbbp7,1,0.05,1,
5933 ,RBL1,0,0.31,20,Facilitator,19650,Rbl1,1,0.89,1,
5934 ,RBL2,1,0.22,16,Facilitator,19651,Rbl2,1,0.12,1,
5966 ,REL,0,0.47,12,Facilitator,19696,Rel,1,1.10,2,
5970 ,RELA,0,0.07,73,Facilitator,19697,Rela,1,0.33,18,Facilitator
5971 ,RELB,1,0.28,18,Facilitator,19698,Relb,1,0.94,2,
5976 ,UPF1,1,0.07,3,,19704,Upf1,0,,,
5977 ,DPF2,1,0.08,1,,19708,Dpf2,1,0.11,1,
5978 ,REST,0,0.52,6,,19712,Rest,1,0.42,1,
5981 ,RFC1,1,0.20,8,,19687,Rfc1,0,0.20,,
5987 ,RFP,1,0.06,15,Facilitator,19720,Trim27,0,,,
5989 ,RFX1,1,0.13,12,Facilitator,19724,Rfx1,1,0.27,,
5990 ,RFX2,1,0.45,4,,19725,Rfx2,1,2.74,2,
5991 ,RFX3,1,0.52,9,,19726,Rfx3,1,1.67,,
5992 ,RFX4,1,2.33,3,,71137,Rfx4,1,1.30,2,
5993 ,RFX5,1,0.20,4,,53970,Rfx5,1,0.34,,
5994 ,RFXAP,1,0.39,3,,170767,Rfxap,1,0.11,1,
6015 ,RING1,1,0.04,9,,19763,Ring1,1,0.06,1,
6018 ,RLF,0,,,,109263,Rlf,0,0.06,,
6045 ,RNF2,1,0.27,9,,19821,Rnf2,0,,3,
6047 ,RNF4,1,0.08,10,,19822,Rnf4,1,0.14,,
6049 ,RNF6,1,,,,74132,Rnf6,0,,,
6095 ,RORA,1,1.08,8,,19883,Rora,1,0.50,,
6096 ,RORB,1,2.41,2,,225998,Rorb,1,1.80,5,
6097 ,RORC,1,,,,19885,Rorc,1,1.08,1,
6239 ,RREB1,0,0.58,1,,68750,Rreb1,0,,,
6256 ,RXRA,1,0.20,53,Facilitator,20181,Rxra,1,0.91,4,
6257 ,RXRB,1,0.06,16,Facilitator,20182,Rxrb,1,0.17,,
6258 ,RXRG,1,1.54,14,Specifier,20183,Rxrg,1,1.48,9,Specifier
6294 ,SAFB,0,0.14,8,,224903,Safb,0,,,
6297 ,SALL2,0,1.09,1,,50524,Sall2,0,1.04,,
6299 ,SALL1,0,1.48,3,,58198,Sall1,0,1.32,,
6304 ,SATB1,1,0.86,9,,20230,Satb1,1,0.90,,
6322 ,SCML1,1,,,,---,---,0,---,,
6421 ,SFPQ,1,0.08,12,Facilitator,71514,Sfpq,0,,,
6426 ,SFRS1,1,0.15,7,,110809,Sfrs1,0,,,
6427 ,SFRS2,1,0.05,3,,20382,Sfrs2,0,,,
6428 ,SFRS3,1,0.27,3,,20383,Sfrs3,0,,,
6430 ,SFRS5,1,,,,20384,Sfrs5,1,0.09,,
6431 ,SFRS6,1,0.17,1,,67996,Sfrs6,0,,,
6433 ,SFRS8,0,,,,231769,Sfrs8,0,,,
6473 ,SHOX1,0,,,,---,---,0,---,,
6474 ,SHOX2,1,2.39,1,,20429,Shox2,0,2.33,,
6492 ,SIM1,0,2.65,1,,20464,Sim1,1,2.60,1,
6493 ,SIM2,0,2.26,1,,20465,Sim2,0,2.38,1,
6495 ,SIX1,1,1.91,6,,20471,Six1,1,2.43,2,
6496 ,SIX3,0,1.49,5,,20473,Six3,1,2.38,1,
6497 ,SKI,0,0.50,15,Facilitator,20481,Ski,0,0.47,1,
6498 ,SKIL,0,0.50,23,Facilitator,20482,Skil,1,0.25,,
6591 ,SNAI2,1,,,,20583,Snai2,1,0.56,,
6594 ,SMARCA1,0,0.95,1,,93761,Smarca1,1,1.34,1,
6595 ,SMARCA2,0,0.34,5,,67155,Smarca2,1,0.23,,
6596 ,SMARCA3,1,0.99,1,,20585,Hltf,1,0.35,1,
6597 ,SMARCA4,0,0.16,26,Facilitator,20586,Smarca4,1,0.07,,
6598 ,SMARCB1,0,0.14,10,,20587,Smarcb1,1,0.13,,
6599 ,SMARCC1,0,0.17,8,,20588,Smarcc1,0,,,
6601 ,SMARCC2,1,0.18,4,,68094,Smarcc2,0,,,
6602 ,SMARCD1,1,0.11,5,,83797,Smarcd1,0,,,
6603 ,SMARCD2,0,0.19,1,,83796,Smarcd2,0,,,
6604 ,SMARCD3,1,0.55,3,,66993,Smarcd3,0,,,
6605 ,SMARCE1,1,0.18,11,,57376,Smarce1,1,0.06,3,
6615 ,SNAI1,1,0.62,1,,20613,Snai1,1,1.04,1,
6617 ,SNAPC1,1,0.58,8,,75627,Snapc1,0,,,
6618 ,SNAPC2,1,0.21,2,,102209,Snapc2,1,,,
6619 ,SNAPC3,1,0.32,2,,77634,Snapc3,0,1.57,,
6621 ,SNAPC4,0,0.13,5,,227644,Snapc4,1,,2,
6628 ,SNRPB,0,0.08,6,,20638,Snrpb,1,0.05,,
6632 ,SNRPD1,1,0.24,2,,20641,Snrpd1,0,,,
6650 ,SOLH,0,,,,50817,Solh,0,,,
6656 ,SOX1,0,2.39,1,,20664,Sox1,0,1.38,,
6657 ,SOX2,1,1.85,4,,20674,Sox2,1,1.61,3,
6658 ,SOX3,0,3.01,1,,20675,Sox3,0,1.71,,
6659 ,SOX4,0,,,,20677,Sox4,0,0.85,,
6660 ,SOX5,1,0.72,5,,20678,Sox5,0,1.96,,
6662 ,SOX9,1,1.05,6,,20682,Sox9,1,0.97,1,
6663 ,SOX10,1,1.70,22,Specifier,20665,Sox10,0,1.65,,
6664 ,SOX11,1,4.29,2,,20666,Sox11,0,1.60,,
6665 ,SOX15,1,1.41,1,,20670,Sox15,1,0.60,3,
6666 ,SOX12,1,,,,20667,Sox12,0,0.40,,
6667 ,SP1,1,0.15,70,Facilitator,20683,Sp1,0,0.28,,
6668 ,SP2,1,0.06,1,,78912,Sp2,1,0.16,4,
6670 ,SP3,0,0.38,12,Facilitator,20687,Sp3,1,0.30,,
6671 ,SP4,0,0.42,3,,20688,Sp4,1,0.51,,
6672 ,SP100,1,0.55,7,,---,---,0,---,,
6688 ,SPI1,1,1.59,22,Specifier,20375,Sfpi1,1,2.16,5,
6689 ,SPIB,1,2.51,8,,272382,Spib,0,3.01,,
6720 ,SREBF1,1,0.47,9,,20787,Srebf1,1,0.78,4,
6721 ,SREBF2,1,0.26,7,,20788,Srebf2,1,0.39,2,
6722 ,SRF,0,0.37,35,Facilitator,20807,Srf,0,0.18,,
6736 ,SRY,1,2.80,3,,21674,Sry,1,2.71,,
6737 ,TRIM21,1,0.32,1,,20821,Trim21,0,,,
6741 ,SSB,1,0.51,1,,20823,Ssb,0,,,
6749 ,SSRP1,1,0.08,4,,20833,Ssrp1,1,0.11,,
6756 ,SSX1,1,4.48,1,,387132,Ssxb2,0,,,
6757 ,SSX2,1,,,,727837,SSX2B,0,,,
6758 ,SSX5,1,4.58,3,,387131,Ssxb9,0,,,
6759 ,SSX4,1,3.29,4,,---,---,0,---,,
6772 ,STAT1,1,0.33,25,Facilitator,20846,Stat1,1,0.77,4,
6773 ,STAT2,1,0.12,7,,20847,Stat2,1,1.19,1,
6774 ,STAT3,1,0.18,39,Facilitator,20848,Stat3,1,0.30,6,
6775 ,STAT4,1,1.49,5,,20849,Stat4,1,2.69,,
6776 ,STAT5A,0,0.41,14,Facilitator,20850,Stat5a,1,0.28,,
6777 ,STAT5B,0,0.22,12,Facilitator,20851,Stat5b,1,0.23,1,
6778 ,STAT6,1,0.28,22,Facilitator,20852,Stat6,0,0.71,2,
6827 ,SUPT4H1,1,0.22,4,,20922,Supt4h1,1,0.09,2,
6829 ,SUPT5H,1,0.08,16,Facilitator,20924,Supt5h,1,0.10,1,
6830 ,SUPT6H,0,,,,20926,Supt6h,0,,,
6862 ,T,0,,,,20997,T,0,0.95,,
6871 ,TADA2L,1,0.17,2,,217031,Tada2l,1,0.19,,
6872 ,TAF1,0,0.24,26,Facilitator,270627,Taf1,0,0.22,,
6874 ,TAF4,0,0.14,16,Facilitator,228980,Taf4a,0,0.12,,
6875 ,TAF4B,0,,,,72504,Taf4b,0,,,
6877 ,TAF5,0,0.42,11,,226182,Taf5,1,0.27,1,
6878 ,TAF6,0,0.09,12,Facilitator,21343,Taf6,1,0.14,,
6879 ,TAF7,1,0.31,17,Facilitator,24074,Taf7,0,0.15,,
6880 ,TAF9,1,0.21,22,Facilitator,108143,Taf9,0,1.33,,
6881 ,TAF10,0,0.09,13,Facilitator,24075,Taf10,1,0.09,,
6882 ,TAF11,1,0.13,15,Facilitator,68776,Taf11,1,0.14,1,
6883 ,TAF12,1,0.07,13,Facilitator,66464,Taf12,1,0.14,,
6884 ,TAF13,0,0.69,5,,99730,Taf13,1,0.17,4,
6886 ,TAL1,0,2.37,10,,21349,Tal1,1,0.84,1,
6887 ,TAL2,1,1.37,7,,21350,Tal2,1,1.90,3,
6894 ,TARBP1,0,,,,---,---,0,---,,
6895 ,TARBP2,1,0.12,8,,21357,Tarbp2,0,,,
6899 ,TBX1,0,,,,21380,Tbx1,0,1.89,,
6907 ,TBL1X,1,0.32,6,,21372,Tbl1x,0,,,
6908 ,TBP,0,0.10,72,Facilitator,21374,Tbp,1,0.87,5,
6909 ,TBX2,1,0.95,3,,21385,Tbx2,1,2.03,,
6910 ,TBX5,1,2.48,2,,21388,Tbx5,0,1.89,,
6911 ,TBX6,1,,,,21389,Tbx6,0,0.47,,
6913 ,TBX15,1,,,,21384,Tbx15,1,3.36,1,
6917 ,TCEA1,0,0.19,3,,21399,Tcea1,1,0.10,,
6919 ,TCEA2,1,0.46,2,,21400,Tcea2,1,1.87,,
6920 ,TCEA3,1,,,,21401,Tcea3,1,1.55,,
6921 ,TCEB1,1,0.18,7,,67923,Tceb1,0,0.23,,
6923 ,TCEB2,1,0.32,8,,67673,Tceb2,1,0.35,1,
6924 ,TCEB3,1,0.08,2,,27224,Tceb3,1,0.09,1,
6925 ,TCF4,1,0.56,20,Facilitator,21413,Tcf4,1,0.43,3,
6926 ,TBX3,1,1.86,1,,21386,Tbx3,1,1.48,,
6927 ,TCF1,0,1.63,15,Specifier,21405,Hnf1a,1,2.42,5,
6928 ,TCF2,1,2.68,4,,21410,Hnf1b,1,1.95,2,
6929 ,TCF3,0,0.44,32,Facilitator,21423,Tcfe2a,1,0.56,41,Facilitator
6932 ,TCF7,1,3.79,1,,21414,Tcf7,1,2.17,,
6934 ,TCF7L2,1,0.24,3,,21416,Tcf7l2,1,0.24,1,
6935 ,TCF8,1,0.92,6,,21417,Zeb1,0,0.48,,
6936 ,C2orf3,0,,,,330361,AW146020,1,,3,
6938 ,TCF12,1,0.25,14,Facilitator,21406,Tcf12,0,0.22,2,
6939 ,TCF15,0,,,,21407,Tcf15,1,1.80,,
6940 ,ZNF354A,1,0.41,1,,21408,Zfp354a,1,0.34,3,
6941 ,TCF19,1,0.45,1,,106795,Tcf19,1,0.88,,
6942 ,TCF20,0,0.20,5,,21411,Tcf20,0,0.28,,
6943 ,TCF21,1,2.19,5,,21412,Tcf21,1,1.77,3,
6945 ,MLX,1,0.11,4,,21428,Mlx,1,0.21,1,
6949 ,TCOF1,1,0.00,1,,21453,Tcof1,0,---,,
7003 ,TEAD1,1,0.80,8,,21676,Tead1,1,0.47,1,
7004 ,TEAD4,1,1.49,2,,21679,Tead4,1,1.20,2,
7005 ,TEAD3,1,1.10,2,,21678,Tead3,1,0.73,1,
7008 ,TEF,1,0.47,1,,21685,Tef,1,0.44,4,
7020 ,TFAP2A,1,3.07,10,,21418,Tcfap2a,1,2.05,2,
7021 ,TFAP2B,1,2.22,6,,21419,Tcfap2b,1,2.01,,
7022 ,TFAP2C,1,1.95,4,,21420,Tcfap2c,1,1.73,,
7023 ,TFAP4,1,,,,83383,Tcfap4,1,0.33,,
7024 ,TFCP2,1,0.09,5,,21422,Tcfcp2,1,0.18,1,
7025 ,NR2F1,1,0.63,13,Facilitator,13865,Nr2f1,0,1.49,,
7026 ,NR2F2,1,0.64,10,,11819,Nr2f2,1,0.59,,
7027 ,TFDP1,1,0.32,10,,21781,Tfdp1,1,0.12,,
7029 ,TFDP2,0,0.33,7,,211586,Tfdp2,1,0.31,5,
7030 ,TFE3,1,0.11,7,,209446,Tcfe3,1,0.30,,
7041 ,TGFB1I1,1,1.01,3,,21804,Tgfb1i1,1,,1,
7050 ,TGIF,1,0.34,8,,21815,Tgif1,1,0.47,,
7067 ,THRA,1,0.82,25,Facilitator,21833,Thra,1,0.98,,
7068 ,THRB,1,0.82,28,Facilitator,21834,Thrb,1,0.66,1,
7071 ,KLF10,0,0.32,2,,21847,Klf10,1,0.20,,
7073 ,TIAL1,0,,,,21843,Tial1,1,,1,
7080 ,TITF1,1,3.35,9,,21869,Nkx2-1,1,3.35,10,Specifier
7088 ,TLE1,1,0.19,33,Facilitator,21885,Tle1,1,0.33,4,
7089 ,TLE2,1,0.49,11,,21886,Tle2,1,1.03,,
7090 ,TLE3,0,0.34,2,,21887,Tle3,0,0.59,,
7101 ,NR2E1,1,,,,21907,Nr2e1,1,2.45,,
7110 ,TMF1,0,0.41,3,,232286,Tmf1,0,1.19,,
7128 ,TNFAIP3,0,0.85,3,,21929,Tnfaip3,1,,4,
7155 ,TOP2B,0,0.35,4,,21974,Top2b,0,,,
7157 ,TP53,1,0.37,97,Facilitator,22059,Trp53,1,0.55,9,Facilitator
7158 ,TP53BP1,0,0.27,7,,27223,Trp53bp1,0,0.40,,
7161 ,TP73,0,1.40,19,Specifier,22062,Trp73,1,1.59,5,
7181 ,NR2C1,0,0.25,6,,22025,Nr2c1,1,0.22,1,
7182 ,NR2C2,1,0.21,5,,22026,Nr2c2,0,0.28,,
7205 ,TRIP6,1,0.22,8,,22051,Trip6,1,,,
7227 ,TRPS1,0,0.45,1,,83925,Trps1,1,0.63,4,
7251 ,TSG101,1,0.08,9,,22088,Tsg101,1,,4,
7289 ,TULP3,1,,,,22158,Tulp3,0,,,
7290 ,HIRA,1,0.29,4,,15260,Hira,0,0.43,,
7291 ,TWIST1,1,1.49,8,,22160,Twist1,1,0.65,,
7342 ,UBP1,1,0.20,2,,22221,Ubp1,1,0.34,5,
7343 ,UBTF,1,0.09,10,,21429,Ubtf,1,0.26,1,
7376 ,NR1H2,1,0.14,6,,22260,Nr1h2,1,0.08,1,
7391 ,USF1,1,0.16,6,,22278,Usf1,1,0.33,,
7392 ,USF2,0,0.18,8,,22282,Usf2,1,0.26,,
7421 ,VDR,1,1.08,18,Specifier,22337,Vdr,1,2.97,3,
7428 ,VHL,0,0.13,11,,22346,Vhl,1,,2,
7468 ,WHSC1,0,,,,107823,Whsc1,0,,,
7469 ,WHSC2,1,0.11,1,,24116,Whsc2,1,,,
7490 ,WT1,0,2.44,7,,22431,Wt1,0,1.41,1,
7494 ,XBP1,1,0.89,16,Facilitator,22433,Xbp1,1,0.51,1,
7508 ,XPC,0,0.17,6,,22591,Xpc,0,,,
7517 ,XRCC3,1,0.26,1,,74335,Xrcc3,1,,,
7520 ,XRCC5,1,0.13,17,Facilitator,22596,Xrcc5,0,,1,
7528 ,YY1,1,0.09,21,Facilitator,22632,Yy1,1,0.04,,
7536 ,SF1,0,0.04,4,,22668,Sf1,1,,,
7538 ,ZFP36,1,0.74,1,,22695,Zfp36,1,0.71,,
7539 ,ZFP37,0,,,,22696,Zfp37,1,2.32,,
7541 ,ZFP161,1,0.15,1,,22666,Zfp161,1,0.17,,
7542 ,ZFPL1,1,,,,81909,Zfpl1,0,,,
7543 ,ZFX,0,,,,22764,Zfx,0,0.25,,
7544 ,ZFY,1,0.75,1,,---,---,0,---,,
7545 ,ZIC1,0,4.09,3,,22771,Zic1,1,2.81,1,
7546 ,ZIC2,0,3.64,3,,22772,Zic2,0,2.64,1,
7547 ,ZIC3,1,3.39,1,,22773,Zic3,1,1.67,,
7549 ,ZNF2,1,,,,72180,Zfp661,1,0.26,1,
7551 ,ZNF3,0,,,,56314,Zfp113,1,,,
7552 ,ZNF6,0,,,,245595,Zfp711,0,,,
7553 ,ZNF7,1,0.12,1,,223669,Zfp7,1,,,
7554 ,ZNF8,1,0.28,5,,243833,Zfp128,1,0.47,1,
7555 ,ZNF9,1,,,,12785,Cnbp,1,0.76,,
7556 ,ZNF10,0,0.61,2,,---,---,0,---,,
7558 ,ZNF11B,0,,,,---,---,0,---,,
7559 ,ZNF12,0,,,,231866,Zfp12,1,,1,
7561 ,ZNF14,0,,,,236193,Zfp709,1,0.19,,
7562 ,ZNF708,0,,,,---,---,0,---,,
7564 ,ZNF16,0,,,,---,---,0,---,,
7565 ,ZNF17,1,,,,232854,Zfp418,1,0.44,,
7566 ,ZNF18,1,,,,52712,Zkscan6,1,0.23,,
7567 ,ZNF19,1,,,,---,---,0,---,,
7568 ,ZNF20,1,0.30,1,,---,---,0,---,,
7569 ,ZNF21,0,,,,319535,Zfp182,1,0.44,,
7570 ,ZNF22,1,,,,67255,Zfp422,1,,,
7571 ,ZNF23,1,0.42,2,,234725,Zfp612,1,0.76,,
7572 ,ZNF24,1,0.26,10,,59057,Zfp191,1,0.15,1,
7574 ,ZNF26,0,,,,---,---,0,---,,
7575 ,ZNF27,0,,,,---,---,0,---,,
7577 ,ZNF29,0,,,,---,---,0,---,,
7580 ,ZNF32,1,,,,232337,Zfp637,1,,,
7581 ,ZNF33A,0,0.49,1,,---,---,0,---,,
7584 ,ZNF35,1,0.23,2,,22646,Zfp105,1,1.47,,
7586 ,ZKSCAN1,1,,,,74570,Zkscan1,1,,,
7587 ,ZNF37A,1,,,,---,---,0,---,,
7589 ,ZNF38,1,0.10,1,,22697,Zscan21,1,0.74,1,
7592 ,ZNF41,1,0.36,2,,---,---,0,---,,
7593 ,ZNF42,1,0.11,2,,109889,Mzf1,1,0.67,8,Facilitator
7594 ,ZNF43,1,,,,238690,Zfp458,0,,,
7596 ,ZNF45,0,,,,---,---,0,---,,
7597 ,ZBTB25,1,0.23,6,,109929,Zbtb25,0,,,
7621 ,ZNF70,1,0.35,1,,---,---,0,---,,
7625 ,ZNF74,1,0.35,2,,---,---,0,---,,
7626 ,ZNF75,1,,,,---,---,0,---,,
7627 ,ZNF75A,1,,,,---,---,0,---,,
7629 ,ZNF76,1,0.14,5,,224656,Zfp523,1,0.48,,
7633 ,ZNF79,1,,,,---,---,0,---,,
7634 ,ZNF80,1,,,,---,---,0,---,,
7637 ,ZNF84,1,,,,---,---,0,---,,
7638 ,ZNF221,0,,,,---,---,0,---,,
7639 ,ZNF85,1,,,,432769,Zfp708,0,,,
7643 ,ZNF90,0,,,,---,---,0,---,,
7644 ,ZNF91,0,,,,---,---,0,---,,
7670 ,ZNF117,0,,,,---,---,0,---,,
7673 ,ZNF222,0,,,,---,---,0,---,,
7675 ,ZNF121,0,,,,---,---,0,---,,
7678 ,ZNF124,0,,,,235956,Zfp825,0,,,
7690 ,ZNF131,1,,,,72465,Zfp131,1,,,
7691 ,ZNF132,1,,,,---,---,0,---,,
7692 ,ZNF133,1,,,,---,---,0,---,,
7693 ,ZNF134,1,,,,---,---,0,---,,
7694 ,ZNF135,0,,,,665001,OTTMUSG00000016543,0,,,
7695 ,ZNF136,1,,,,---,---,0,---,,
7696 ,ZNF137,1,0.34,2,,---,---,0,---,,
7697 ,ZNF138,0,,,,---,---,0,---,,
7699 ,ZNF140,0,,,,---,---,0,---,,
7700 ,ZNF141,0,,,,434178,BC063263,0,,,
7701 ,ZNF142,0,,,,77264,Zfp142,0,,,
7702 ,ZNF143,0,,,,20841,Zfp143,1,0.19,,
7703 ,PCGF2,1,0.29,4,,22658,Pcgf2,1,0.46,1,
7704 ,ZBTB16,1,0.53,31,Facilitator,235320,Zbtb16,1,,,
7705 ,ZNF146,1,,,,26465,Zfp146,1,0.19,,
7706 ,TRIM25,1,0.64,5,,217069,Trim25,0,,,
7707 ,ZNF148,0,0.42,4,,22661,Zfp148,1,0.34,,
7709 ,ZBTB17,0,0.07,10,,22642,Zbtb17,1,0.11,,
7710 ,ZNF154,1,,,,---,---,0,---,,
7711 ,ZNF155,1,,,,---,---,0,---,,
7712 ,ZNF157,0,,,,72154,Zfp157,1,,,
7716 ,ZNF161,0,,,,22344,Vezf1,0,0.22,,
7718 ,ZNF165,0,0.44,6,,---,---,0,---,,
7727 ,ZNF174,1,0.07,4,,385674,Zfp174,0,,,
7728 ,ZNF175,1,0.40,1,,69930,Zfp715,1,,,
7730 ,ZNF177,1,,,,---,---,0,---,,
7733 ,ZNF180,0,,,,210135,Zfp180,1,,1,
7738 ,ZNF184,1,0.83,1,,193452,Zfp184,0,,,
7741 ,ZNF187,1,,,,432731,Zfp187,0,,,
7743 ,ZNF189,0,,,,230162,Zfp189,1,0.31,,
7745 ,ZNF192,0,,,,93681,Zfp192,1,0.32,,
7746 ,ZNF193,1,0.24,2,,---,---,0,---,,
7748 ,ZNF195,1,0.43,1,,---,---,0,---,,
7750 ,ZNF198,1,0.70,10,,76007,Zmym2,0,0.20,,
7752 ,ZNF200,1,0.36,1,,---,---,0,---,,
7753 ,ZNF202,1,0.47,3,,80902,Zfp202,1,,,
7755 ,ZNF205,1,,,,22654,Zfp13,1,,,
7756 ,ZNF207,1,,,,22680,Zfp207,1,0.06,,
7757 ,ZNF208,0,0.00,1,,---,---,0,---,,
7760 ,ZNF213,1,,,,449521,Zfp213,0,,,
7761 ,ZNF214,0,,,,---,---,0,---,,
7762 ,ZNF215,1,,,,---,---,0,---,,
7764 ,ZNF217,0,,,,228913,Zfp217,0,,,
7766 ,ZNF223,1,,,,---,---,0,---,,
7767 ,ZNF224,1,,,,---,---,0,---,,
7768 ,ZNF225,0,,,,---,---,0,---,,
7769 ,ZNF226,1,0.32,2,,---,---,0,---,,
7770 ,ZNF227,1,,,,56707,Zfp111,1,0.18,5,
7771 ,ZNF228,1,,,,57745,Zfp112,0,0.58,,
7772 ,ZNF229,1,,,,381067,BC043476,0,,,
7773 ,ZNF230,0,,,,---,---,0,---,,
7775 ,ZNF232,1,0.15,3,,---,---,0,---,,
7776 ,ZNF236,0,,,,329002,Zfp236,1,,5,
7799 ,PRDM2,0,1.02,2,,110593,Prdm2,0,,,
7812 ,CSDE1,0,0.35,1,,229663,Csde1,1,0.35,2,
7832 ,BTG2,0,0.43,6,,12227,Btg2,1,,2,
7849 ,PAX8,1,3.75,5,,18510,Pax8,1,3.24,2,
7862 ,BRPF1,1,0.16,2,,78783,Brpf1,1,0.14,2,
7913 ,DEK,0,0.42,2,,110052,Dek,1,0.20,1,
7936 ,RDBP,1,0.05,3,,27632,Rdbp,0,,,
7942 ,TFEB,1,0.56,3,,21425,Tcfeb,1,0.29,,
7975 ,MAFK,0,0.85,8,,17135,Mafk,1,0.31,3,
7988 ,ZNF212,1,0.10,2,,232784,Zfp212,0,,,
7994 ,MYST3,0,0.18,1,,244349,Myst3,0,0.42,,
8013 ,NR4A3,0,0.93,1,,18124,Nr4a3,1,1.25,3,
8022 ,LHX3,0,2.28,5,,16871,Lhx3,0,1.20,,
8028 ,MLLT10,0,0.36,4,,17354,Mllt10,1,0.48,2,
8031 ,NCOA4,1,0.40,6,,27057,Ncoa4,1,,,
8048 ,CSRP3,1,3.96,4,,13009,Csrp3,0,3.05,,
8061 ,FOSL1,1,1.06,5,,14283,Fosl1,1,0.41,,
8085 ,MLL2,0,0.12,4,,381022,Mll2,0,,,
8087 ,FXR1,0,0.47,3,,14359,Fxr1,0,,1,
8089 ,YEATS4,1,0.18,3,,64050,Yeats4,1,0.16,,
8091 ,HMGA2,0,2.46,3,,15364,Hmga2,1,2.54,1,
8092 ,CART1,1,1.91,3,,216285,Alx1,1,2.91,,
8110 ,DPF3,1,,,,70127,Dpf3,1,1.19,,
8148 ,TAF15,1,0.24,11,,70439,Taf15,0,,,
8161 ,COIL,1,0.13,10,,12812,Coil,0,,,
8178 ,ELL,1,0.22,3,,13716,Ell,1,0.25,2,
8187 ,ZNF239,0,,,,22685,Zfp239,1,1.22,,
8193 ,DPF1,0,,,,29861,Dpf1,1,1.80,,
8202 ,NCOA3,0,0.26,30,Facilitator,17979,Ncoa3,1,0.49,17,Facilitator
8204 ,NRIP1,1,0.57,20,Facilitator,268903,Nrip1,1,0.19,2,
8216 ,LZTR1,1,0.10,49,Facilitator,66863,Lztr1,0,,,
8227 ,RP13-297E16.1,1,0.16,1,,---,---,0,---,,
8242 ,SMCX,1,,,,20591,Jarid1c,1,0.23,1,
8284 ,SMCY,0,,,,20592,Jarid1d,1,0.26,3,
8289 ,ARID1A,1,0.10,4,,93760,Arid1a,0,,,
8295 ,TRRAP,0,0.11,9,,100683,Trrap,0,,,
8320 ,EOMES,0,,,,13813,Eomes,1,2.17,,
8328 ,GFI1B,0,3.83,13,Specifier,14582,Gfi1b,1,,,
8339 ,HIST1H2BG,0,1.12,2,,---,---,0,---,,
8341 ,HIST1H2BN,1,0.91,1,,319178,Hist1h2bb,0,,,
8344 ,HIST1H2BE,0,,,,---,---,0,---,,
8345 ,HIST1H2BH,0,,,,---,---,0,---,,
8347 ,HIST1H2BC,0,1.20,1,,319182,Hist1h2bh,0,,,
8349 ,HIST2H2BE,0,0.60,7,,---,---,0,---,,
8403 ,SOX14,0,,,,20669,Sox14,0,1.54,,
8427 ,ZNF282,0,,,,101095,Zfp282,1,0.43,,
8431 ,NR0B2,1,2.61,14,Specifier,23957,Nr0b2,1,2.61,2,
8433 ,UTF1,0,3.45,3,,22286,Utf1,1,1.84,2,
8456 ,FOXN1,0,,,,15218,Foxn1,0,1.14,,
8458 ,TTF2,1,0.35,9,,74044,Ttf2,0,0.51,,
8462 ,KLF11,1,0.36,2,,194655,Klf11,1,0.55,,
8463 ,TEAD2,1,0.50,1,,21677,Tead2,1,0.56,1,
8464 ,SUPT3H,1,0.51,2,,109115,Supt3h,1,0.37,,
8467 ,SMARCA5,1,0.56,6,,93762,Smarca5,1,0.07,2,
8517 ,IKBKG,1,0.12,36,Facilitator,16151,Ikbkg,1,0.29,10,Facilitator
8521 ,GCM1,0,4.84,5,,14531,Gcm1,1,3.25,,
8531 ,CSDA,1,1.61,1,,56449,Csda,1,1.49,1,
8535 ,CBX4,1,0.17,6,,12418,Cbx4,0,0.33,,
8538 ,BARX2,0,2.53,1,,12023,Barx2,1,1.43,4,
8543 ,LMO4,1,0.71,9,,16911,Lmo4,1,0.70,5,
8544 ,PIR,1,0.29,2,,69656,Pir,1,,,
8548 ,BLZF1,1,0.58,4,,66352,Blzf1,1,,1,
8553 ,BHLHB2,1,0.36,5,,20893,Bhlhb2,1,0.41,2,
8554 ,PIAS1,1,0.26,33,Facilitator,56469,Pias1,1,0.32,,
8570 ,KHSRP,0,0.12,1,,---,---,0,---,,
8572 ,PDLIM4,1,0.75,2,,30794,Pdlim4,1,,4,
8607 ,RUVBL1,1,0.07,8,,56505,Ruvbl1,1,0.04,1,
8609 ,KLF7,1,,,,93691,Klf7,1,0.43,,
8625 ,RFXANK,1,0.10,5,,19727,Rfxank,1,0.07,2,
8626 ,TP73L,1,1.99,9,,22061,Trp63,1,0.68,2,
8629 ,JRK,1,,,,16469,Jrk,1,,,
8648 ,NCOA1,0,0.27,50,Facilitator,17977,Ncoa1,0,0.27,,
8683 ,SFRS9,0,0.06,2,,108014,Sfrs9,0,,,
8721 ,EDF1,0,0.05,12,Facilitator,59022,Edf1,1,,,
8725 ,C19orf2,1,0.22,4,,19777,C80913,0,,,
8726 ,EED,1,0.16,11,,13626,Eed,1,,2,
8804 ,CREG1,0,0.33,4,,433375,Creg1,0,,,
8805 ,TRIM24,1,0.37,27,Facilitator,21848,Trim24,1,0.78,5,
8819 ,SAP30,1,0.21,15,Facilitator,60406,Sap30,1,,6,
8820 ,HESX1,1,0.63,3,,15209,Hesx1,1,1.19,,
8841 ,HDAC3,1,0.03,42,Facilitator,15183,Hdac3,0,0.22,2,
8848 ,TSC22D1,0,0.37,2,,21807,Tsc22d1,1,0.28,,
8850 ,PCAF,1,0.43,45,Facilitator,18519,Kat2b,1,0.28,2,
8856 ,NR1I2,1,3.56,7,,18171,Nr1i2,1,3.09,2,
8861 ,LDB1,1,0.09,13,Facilitator,16825,Ldb1,1,0.42,24,Facilitator
8863 ,PER3,0,0.49,6,,18628,Per3,0,0.44,,
8864 ,PER2,0,0.35,4,,18627,Per2,1,0.63,6,
8880 ,FUBP1,1,0.15,2,,51886,Fubp1,0,0.19,,
8896 ,BUD31,1,,,,---,---,0,---,,
8899 ,PRPF4B,1,0.31,3,,19134,Prpf4b,0,,,
8914 ,TIMELESS,1,0.64,5,,21853,Timeless,0,,3,
8928 ,FOXH1,0,0.84,7,,14106,Foxh1,1,2.99,6,
8929 ,PHOX2B,1,,,,18935,Phox2b,0,2.62,,
8932 ,MBD2,1,0.56,11,,17191,Mbd2,1,0.08,,
8939 ,FUBP3,1,0.18,3,,320267,Fubp3,0,,,
8970 ,HIST1H2BJ,1,0.54,1,,---,---,0,---,,
8971 ,H1FX,1,0.30,1,,243529,H1fx,0,,,
8994 ,LIMD1,0,,,,29806,Limd1,1,,,
9013 ,TAF1C,1,0.11,6,,21341,Taf1c,1,0.20,1,
9014 ,TAF1B,1,0.36,7,,21340,Taf1b,1,0.21,2,
9015 ,TAF1A,1,0.41,5,,21339,Taf1a,1,,1,
9031 ,BAZ1B,0,0.12,6,,22385,Baz1b,0,0.22,1,
9044 ,BTAF1,0,0.34,1,,107182,Btaf1,0,,,
9049 ,AIP,1,0.05,4,,11632,Aip,1,0.23,1,
9063 ,PIAS2,1,0.32,10,,17344,Pias2,1,1.60,2,
9070 ,ASH2L,1,0.19,5,,23808,Ash2l,1,,1,
9079 ,LDB2,1,0.55,9,,16826,Ldb2,1,1.09,18,Specifier
9084 ,VCY,0,,,,353513,VCY1B,0,,,
9095 ,TBX19,0,0.40,1,,83993,Tbx19,1,0.80,1,
9096 ,TBX18,0,,,,76365,Tbx18,1,0.83,1,
9111 ,NMI,1,0.50,12,Facilitator,64685,Nmi,1,,,
9112 ,MTA1,0,0.14,6,,116870,Mta1,0,0.09,,
9124 ,PDLIM1,1,0.55,2,,54132,Pdlim1,1,0.64,,
9139 ,CBFA2T2,1,0.25,14,Facilitator,12396,Cbfa2t2,0,,,
9150 ,CTDP1,0,0.06,6,,67655,Ctdp1,0,,,
9191 ,DEDD,1,0.05,4,,21945,Dedd,1,0.50,1,
9208 ,LRRFIP1,0,,,,---,---,0,---,,
9214 ,FAIM3,1,2.38,3,,69169,Faim3,0,,,
9219 ,MTA2,1,0.10,7,,23942,Mta2,1,0.17,,
9232 ,PTTG1,1,1.28,2,,30939,Pttg1,0,,,
9242 ,MSC,1,0.46,5,,17681,Msc,1,1.02,,
9247 ,GCM2,0,,,,107889,Gcm2,0,2.12,,
9278 ,ZBTB22,1,0.15,1,,81630,Zbtb22,1,,3,
9282 ,CRSP2,0,0.12,5,,26896,Med14,0,,,
9310 ,ZNF235,0,,,,56525,Zfp235,1,0.43,,
9314 ,KLF4,1,0.78,4,,16600,Klf4,1,1.08,,
9318 ,COPS2,1,0.53,10,,12848,Cops2,1,0.07,1,
9319 ,TRIP13,1,0.87,3,,69716,Trip13,1,,4,
9321 ,TRIP11,0,0.29,2,,109181,Trip11,0,,,
9324 ,HMGN3,0,,,,94353,Hmgn3,1,,,
9325 ,TRIP4,1,0.16,18,Facilitator,56404,Trip4,1,0.18,3,
9326 ,ZNHIT3,1,0.14,9,,448850,Znhit3,0,,,
9328 ,GTF3C5,1,0.05,5,,70239,Gtf3c5,0,,,
9329 ,GTF3C4,0,0.19,6,,269252,Gtf3c4,1,,,
9330 ,GTF3C3,1,0.24,5,,98488,Gtf3c3,0,,,
9337 ,CNOT8,1,0.13,5,,69125,Cnot8,1,0.08,3,
9338 ,TCEAL1,1,0.44,2,,237052,Tceal1,1,,,
9355 ,LHX2,1,2.76,4,,16870,Lhx2,1,2.46,6,
9406 ,ZNF265,1,0.50,5,,53861,Zranb2,0,,,
9412 ,SURB7,1,0.22,10,,108098,Med21,1,0.15,1,
9421 ,HAND1,1,3.61,8,,15110,Hand1,1,2.81,5,
9422 ,ZNF264,0,,,,---,---,0,---,,
9439 ,CRSP3,0,0.20,5,,70208,Med23,0,,,
9440 ,CRSP6,0,0.17,3,,234959,Med17,1,,2,
9441 ,CRSP7,1,0.14,2,,70625,Med26,1,1.38,,
9442 ,CRSP8,1,0.10,2,,68975,Med27,0,,,
9443 ,CRSP9,1,0.28,11,,171285,Havcr2,0,,,
9457 ,FHL5,1,1.64,8,,57756,Fhl5,1,3.42,,
9464 ,HAND2,0,2.00,11,,15111,Hand2,1,2.53,5,
9477 ,TRFP,1,0.15,1,,56771,Med20,1,0.07,2,
9480 ,ONECUT2,0,,,,225631,Onecut2,0,2.40,,
9496 ,TBX4,0,,,,21387,Tbx4,1,3.27,1,
9513 ,FXR2,1,0.30,13,Facilitator,23879,Fxr2,0,,,
9519 ,TBPL1,1,0.23,3,,237336,Tbpl1,1,1.70,2,
9533 ,POLR1C,1,0.07,3,,20016,Rpo1-1,0,0.12,,
9534 ,ZNF254,0,,,,---,---,0,---,,
9569 ,GTF2IRD1,1,0.35,3,,57080,Gtf2ird1,1,0.08,,
9572 ,NR1D1,1,0.48,4,,217166,Nr1d1,1,0.61,,
9575 ,CLOCK,0,0.60,3,,12753,Clock,1,0.16,1,
9580 ,SOX13,0,0.54,2,,20668,Sox13,1,0.79,,
9584 ,RNPC2,1,0.35,5,,170791,Rbm39,1,0.08,5,
9586 ,CREB5,0,0.65,4,,---,---,0,---,,
9603 ,NFE2L3,0,0.51,1,,18025,Nfe2l3,1,0.51,,
9604 ,RNF14,0,0.51,4,,56736,Rnf14,1,0.30,6,
9611 ,NCOR1,0,0.13,43,Facilitator,20185,Ncor1,0,0.14,4,
9612 ,NCOR2,0,0.14,53,Facilitator,20602,Ncor2,0,0.28,2,
9640 ,ZNF592,0,0.08,1,,233410,Zfp592,1,0.21,3,
9646 ,SH2BP1,0,0.25,1,,22083,Ctr9,0,,,
9667 ,SAFB2,0,0.14,2,,224902,Safb2,0,,,
9668 ,ZNF432,1,,,,---,---,0,---,,
9669 ,EIF5B,1,0.37,1,,226982,Eif5b,0,,,
9678 ,PHF14,1,0.98,1,,75725,Phf14,1,,,
9682 ,JMJD2A,1,,,,230674,Jmjd2a,0,,,
9689 ,BZW1,1,,,,---,---,0,---,,
9700 ,ESPL1,0,,,,105988,Espl1,0,,,
9705 ,ST18,0,,,,240690,St18,1,2.35,,
9726 ,ZNF646,1,,,,233905,Zfp646,0,,,
9734 ,HDAC9,1,0.52,12,Facilitator,79221,Hdac9,0,0.45,3,
9735 ,KNTC1,0,,,,208628,Kntc1,0,,,
9753 ,ZNF96,0,,,,---,---,0,---,,
9757 ,MLL4,0,0.33,2,,75410,Wbp7,0,,,
9759 ,HDAC4,1,0.44,23,Facilitator,208727,Hdac4,0,,,
9760 ,TOX,1,,,,252838,Tox,1,,,
9767 ,PHF16,0,,,,382207,Phf16,0,,,
9774 ,BCLAF1,0,,,,72567,Bclaf1,0,,,
9782 ,MATR3,1,0.65,6,,17184,Matr3,0,,,
9785 ,DHX38,1,,,,64340,Dhx38,0,,,
9792 ,SERTAD2,1,0.17,4,,58172,Sertad2,1,,1,
9794 ,MAML1,0,0.11,6,,103806,Maml1,1,0.15,5,
9802 ,DAZAP2,1,0.09,11,,23994,Dazap2,1,,1,
9819 ,TSC22D2,1,,,,72033,Tsc22d2,0,,,
9831 ,ZNF623,1,,,,78834,Zfp623,1,,1,
9839 ,ZFHX1B,0,0.52,5,,24136,Zeb2,1,0.40,3,
9841 ,ZBTB24,0,,,,268294,Zbtb24,1,,1,
9878 ,C14orf92,1,0.07,1,,268741,Tox4,1,0.09,,
9880 ,ZBTB39,0,,,,320080,Zbtb39,1,,3,
9913 ,SUPT7L,1,,,,72195,Supt7l,1,0.06,,
9915 ,ARNT2,1,1.76,4,,11864,Arnt2,0,1.51,,
9923 ,ZBTB40,0,,,,230848,Zbtb40,0,,,
9925 ,ZBTB5,1,0.15,2,,230119,Zbtb5,1,,,
9931 ,HELZ,0,,,,78455,Helz,0,,,
9935 ,MAFB,1,1.00,5,,16658,Mafb,1,0.67,2,
9967 ,THRAP3,0,,,,230753,Thrap3,1,,,
9968 ,MED12,0,0.18,6,,59024,Med12,0,,,
9969 ,THRAP1,0,0.26,2,,327987,Med13,0,,,
9970 ,NR1I3,0,0.63,6,,12355,Nr1i3,1,0.67,1,
9971 ,NR1H4,0,2.82,4,,20186,Nr1h4,1,2.39,,
9975 ,NR1D2,1,0.69,2,,353187,Nr1d2,1,0.40,,
9988 ,DMTF1,0,0.50,1,,23857,Dmtf1,1,0.25,,
10001 ,MED6,1,0.22,5,,69792,Med6,0,,,
10002 ,NR2E3,1,1.16,14,Specifier,23958,Nr2e3,1,1.22,,
10009 ,ZBTB33,1,0.49,2,,56805,Zbtb33,1,0.25,2,
10014 ,HDAC5,1,0.27,21,Facilitator,15184,Hdac5,1,0.39,2,
10025 ,THRAP5,1,0.11,2,,216154,Med16,1,,17,
10036 ,CHAF1A,1,0.42,8,,27221,Chaf1a,0,,,
10042 ,HMG2L1,0,0.25,1,,70823,Hmgb2l1,0,,,
10062 ,NR1H3,1,0.33,8,,22259,Nr1h3,1,0.79,5,
10084 ,PQBP1,1,0.02,6,,54633,Pqbp1,1,,,
10113 ,PREB,1,0.11,1,,50907,Preb,1,0.11,2,
10127 ,ZNF263,1,0.05,5,,74120,Zfp263,1,0.24,3,
10138 ,YAF2,1,0.37,3,,67057,Yaf2,1,0.40,,
10140 ,TOB1,1,0.42,9,,22057,Tob1,1,0.29,,
10147 ,SFRS14,1,0.25,1,,234373,Sfrs14,0,,,
10153 ,CEBPZ,1,0.66,7,,12607,Cebpz,0,0.03,,
10155 ,TRIM28,1,0.10,14,Facilitator,21849,Trim28,1,0.28,2,
10168 ,ZNF197,0,0.59,3,,---,---,0,---,,
10172 ,ZNF256,1,,,,---,---,0,---,,
10179 ,RBM7,1,0.27,4,,67010,Rbm7,0,,,
10189 ,THOC4,1,0.19,2,,21681,Thoc4,0,0.37,,
10194 ,TSHZ1,0,,,,110796,Tshz1,0,0.12,,
10210 ,TOPORS,0,0.47,4,,106021,Topors,0,,,
10214 ,SSX3,1,5.00,6,,6757,SSX2,0,3.22,,
10215 ,OLIG2,1,2.24,4,,50913,Olig2,1,1.91,,
10217 ,CTDSPL,0,,,,69274,Ctdspl,0,,,
10224 ,ZNF443,0,,,,---,---,0,---,,
10236 ,HNRPR,1,,,,74326,Hnrnpr,1,0.08,,
10250 ,SRRM1,0,0.09,2,,51796,Srrm1,0,,,
10260 ,DENND4A,1,0.66,5,,102442,Dennd4a,0,0.40,,
10265 ,IRX5,1,,,,54352,Irx5,1,1.38,,
10284 ,SAP18,1,0.44,4,,20220,Sap18,1,0.16,,
10302 ,SNAPC5,0,0.24,3,,330959,Snapc5,0,,,
10308 ,ZNF267,1,,,,---,---,0,---,,
10320 ,ZNFN1A1,0,1.59,11,,22778,Ikzf1,1,2.74,1,
10346 ,TRIM22,1,0.84,5,,---,---,0,---,,
10361 ,NPM2,0,,,,328440,Npm2,0,,,
10362 ,HMG20B,1,0.23,2,,15353,Hmg20b,1,0.12,,
10363 ,HMG20A,1,0.18,4,,66867,Hmg20a,1,0.29,,
10365 ,KLF2,0,0.49,2,,16598,Klf2,1,0.90,,
10370 ,CITED2,1,0.27,7,,17684,Cited2,0,0.13,,
10379 ,ISGF3G,1,0.22,13,Facilitator,16391,Irf9,1,0.58,7,Facilitator
10389 ,SCML2,1,,,,107815,Scml2,0,,,
10401 ,PIAS3,1,0.18,20,Facilitator,229615,Pias3,1,,4,
10432 ,RBM14,1,0.05,6,,56275,Rbm14,1,,,
10438 ,C1D,1,0.19,5,,---,---,0,---,,
10456 ,HAX1,1,1.56,2,,23897,Hax1,0,,1,
10472 ,ZNF238,0,1.58,1,,30928,Zfp238,1,1.08,,
10473 ,HMGN4,1,0.18,1,,100039489,LOC100039489,0,,,
10474 ,TADA3L,1,0.10,11,,101206,Tada3l,1,0.22,,
10481 ,HOXB13,1,4.05,7,,15408,Hoxb13,1,1.35,5,
10488 ,CREB3,1,0.14,3,,12913,Creb3,1,,1,
10499 ,NCOA2,1,0.30,29,Facilitator,17978,Ncoa2,0,0.32,3,
10514 ,MYBBP1A,1,0.17,6,,18432,Mybbp1a,1,,1,
10520 ,ZNF211,1,,,,---,---,0,---,,
10522 ,DEAF1,0,0.52,2,,54006,Deaf1,1,0.29,,
10524 ,HTATIP,1,0.06,23,Facilitator,81601,Kat5,1,0.23,1,
10538 ,BATF,1,1.14,8,,53314,Batf,1,1.43,1,
10553 ,HTATIP2,0,0.32,1,,53415,Htatip2,1,,,
10589 ,DRAP1,0,0.10,8,,66556,Drap1,1,0.39,,
10608 ,MXD4,1,0.18,3,,17122,Mxd4,1,0.44,1,
10614 ,HEXIM1,1,0.24,2,,192231,Hexim1,1,0.20,,
10616 ,C20orf18,1,0.07,1,,24105,Rbck1,0,,,
10620 ,ARID3B,1,0.52,2,,56380,Arid3b,0,,,
10621 ,POLR3F,1,0.51,5,,70408,Polr3f,1,,3,
10623 ,POLR3C,1,0.12,1,,74414,Polr3c,0,,,
10625 ,IVNS1ABP,0,,,,117198,Ivns1abp,1,,5,
10626 ,TRIM16,1,,,,94092,Trim16,0,,,
10629 ,TAF6L,1,0.19,1,,225895,Taf6l,1,0.33,,
10636 ,RGS14,1,,,,51791,Rgs14,0,,,
10655 ,DMRT2,0,,,,226049,Dmrt2,1,1.00,,
10657 ,KHDRBS1,0,0.09,6,,20218,Khdrbs1,1,0.13,6,
10660 ,LBX1,0,,,,16814,Lbx1,0,2.36,1,
10661 ,KLF1,0,3.83,3,,16596,Klf1,1,2.13,,
10664 ,CTCF,1,0.09,6,,13018,Ctcf,1,0.16,,
10691 ,GMEB1,1,0.14,8,,56809,Gmeb1,1,0.27,4,
10716 ,TBR1,0,,,,21375,Tbr1,0,2.55,,
10725 ,NFAT5,0,0.33,2,,54446,Nfat5,0,0.49,,
10732 ,TCFL5,1,,,,277353,Tcfl5,0,3.41,,
10736 ,SIX2,1,1.73,3,,20472,Six2,0,1.74,,
10743 ,RAI1,1,0.27,6,,19377,Rai1,0,,,
10745 ,PHTF1,1,0.35,1,,18685,Phtf1,1,0.44,1,
10765 ,JARID1B,0,0.27,3,,75605,Jarid1b,0,,,
10771 ,ZMYND11,1,0.36,4,,66505,Zmynd11,1,0.23,1,
10772 ,FUSIP1,0,0.22,1,,642558,LOC642558,0,,,
10773 ,ZBTB6,1,0.43,4,,241322,Zbtb6,1,0.72,,
10778 ,ZNF271,0,,,,---,---,0,---,,
10780 ,ZNF234,1,,,,240034,Zfp760,0,,,
10781 ,ZNF266,0,,,,---,---,0,---,,
10782 ,ZNF274,1,,,,65020,Zfp110,1,0.40,2,
10793 ,ZNF273,1,0.82,1,,---,---,0,---,,
10794 ,ZNF272,1,,,,---,---,0,---,,
10795 ,ZNF268,0,,,,22688,Zfp26,0,,,
10838 ,ZNF275,0,,,,27081,Zfp275,1,0.28,11,Facilitator
10847 ,SRCAP,0,0.16,3,,100043597,LOC100043597,0,,,
10856 ,RUVBL2,1,0.07,10,,20174,Ruvbl2,1,0.53,1,
10891 ,PPARGC1A,0,0.95,17,Facilitator,19017,Ppargc1a,1,0.72,1,
10902 ,BRD8,1,0.20,4,,---,---,0,---,,
10914 ,PAPOLA,0,0.38,2,,18789,Papola,1,0.06,,
10915 ,TCERG1,0,0.35,8,,56070,Tcerg1,0,0.22,,
10919 ,EHMT2,0,0.19,8,,110147,Ehmt2,1,0.20,1,
10921 ,RNPS1,1,0.07,4,,19826,Rnps1,1,,2,
10923 ,SUB1,1,0.22,8,,20024,Sub1,1,2.94,,
10929 ,SFRS2B,1,,,,---,---,0,---,,
10934 ,MORF4,0,,,,---,---,0,---,,
10943 ,MSL3L1,0,,,,17692,Msl31,1,,,
10973 ,ASCC3,1,0.29,3,,77987,Ascc3,0,,,
10987 ,COPS5,0,0.36,12,Facilitator,26754,Cops5,1,0.32,,
11016 ,ATF7,0,0.37,5,,223922,Atf7,1,0.40,,
11017 ,RY1,1,,,,66618,2610209M04Rik,0,,,
11023 ,VAX1,0,,,,22326,Vax1,0,1.81,,
11036 ,ALF,1,1.16,21,Specifier,71828,Gtf2a1l,1,3.44,11,Specifier
11059 ,WWP1,1,0.57,11,,107568,Wwp1,1,,1,
11063 ,SOX30,1,,,,214105,Sox30,0,3.16,,
11064 ,CEP110,0,,,,---,---,0,---,,
11074 ,TRIM31,1,2.80,3,,224762,Trim31,0,,,
11077 ,HSF2BP,1,1.39,1,,74377,Hsf2bp,0,,,
11083 ,DIDO1,1,,,,23856,Dido1,1,0.34,,
11100 ,HNRPUL1,1,0.30,4,,232989,Hnrnpul1,0,,,
11105 ,PRDM7,1,,,,---,---,0,---,,
11107 ,PRDM5,1,,,,70779,Prdm5,1,,1,
11108 ,PRDM4,1,0.18,4,,72843,Prdm4,0,,,
11128 ,POLR3A,1,0.21,4,,218832,Polr3a,0,0.07,,
11129 ,SFRS16,0,0.28,2,,53609,Sfrs16,0,,,
11137 ,PWP1,1,0.11,2,,103136,Pwp1,1,,2,
11143 ,MYST2,1,0.15,8,,217127,Myst2,0,,,
11166 ,SOX21,0,,,,223227,Sox21,0,,,
11168 ,PSIP1,0,0.67,2,,101739,Psip1,0,,,
11169 ,WDHD1,0,,,,218973,Wdhd1,0,,,
11177 ,BAZ1A,0,0.64,5,,217578,Baz1a,0,,,
11178 ,LZTS1,0,,,,211134,Lzts1,0,,,
11179 ,ZNF277,1,0.39,4,,246196,Zfp277,1,0.06,4,
11189 ,TNRC4,0,2.40,1,,78784,Tnrc4,0,,,
11198 ,SUPT16H,0,0.22,1,,114741,Supt16h,0,0.39,,
11218 ,DDX20,1,0.25,8,,53975,Ddx20,1,,,
11244 ,ZHX1,1,0.64,10,,22770,Zhx1,1,0.10,,
11262 ,SP140,0,2.13,1,,434484,Sp140,0,,,
11278 ,KLF12,1,0.54,2,,16597,Klf12,1,0.46,,
11279 ,KLF8,1,,,,245671,Klf8,1,,,
11281 ,POU6F2,0,,,,218030,Pou6f2,1,2.18,1,
11317 ,RBPSUHL,0,,,,19668,Rbpjl,1,2.53,1,
11319 ,ECD,1,0.25,2,,70601,Ecd,1,,,
11331 ,PHB2,1,0.11,3,,12034,Phb2,0,,,
11335 ,CBX3,1,0.21,6,,12417,Cbx3,1,0.26,,
22797 ,TFEC,1,1.19,4,,21426,Tcfec,1,1.36,,
22806 ,ZNFN1A3,1,2.49,2,,22780,Ikzf3,0,3.03,,
22807 ,ZNFN1A2,1,0.66,2,,22779,Ikzf2,1,0.72,1,
22809 ,ATF5,1,2.19,2,,107503,Atf5,1,1.33,1,
22823 ,MTF2,1,0.26,2,,17765,Mtf2,1,0.25,1,
22828 ,RBM16,0,,,,---,---,0,---,,
22830 ,ZNF409,0,,,,---,---,0,---,,
22835 ,ZFP30,0,,,,22693,Zfp30,1,0.66,1,
22847 ,ZNF507,0,,,,668501,zfp507,0,,,
22850 ,KIAA0863,0,,,,240442,Adnp2,1,,,
22869 ,ZNF510,0,0.35,1,,---,---,0,---,,
22877 ,MLXIP,0,0.67,1,,208104,Mlxip,0,,1,
22881 ,ANKRD6,0,,,,140577,Ankrd6,1,1.06,1,
22882 ,ZHX2,1,0.17,4,,387609,Zhx2,1,,,
22887 ,FOXJ3,0,0.47,1,,230700,Foxj3,1,0.41,,
22890 ,ZBTB1,1,0.40,4,,268564,Zbtb1,1,0.17,,
22926 ,ATF6,0,0.16,7,,226641,Atf6,0,0.21,,
22927 ,HABP4,1,0.92,7,,56541,Habp4,0,,,
22933 ,SIRT2,1,0.67,4,,64383,Sirt2,1,0.09,7,Facilitator
22936 ,ELL2,1,0.45,1,,192657,Ell2,1,,,
22938 ,SNW1,1,0.14,19,Facilitator,---,---,0,---,,
22947 ,DUX4,0,0.00,1,,728410,LOC728410,0,---,,
22954 ,TRIM32,1,0.32,2,,69807,Trim32,0,,,
22955 ,SCMH1,1,0.15,6,,29871,Scmh1,1,,,
22982 ,DIP2C,1,0.44,1,,208440,Dip2c,0,,,
22984 ,PDCD11,0,0.06,2,,18572,Pdcd11,1,0.06,,
22992 ,FBXL11,0,0.07,3,,225876,Fbxl11,0,,,
22993 ,KIAA0194,0,,,,106894,A630042L21Rik,1,,1,
23013 ,SPEN,0,0.11,13,Facilitator,56381,Spen,0,0.47,1,
23030 ,JMJD2B,0,,,,193796,Jmjd2b,1,0.26,2,
23036 ,ZNF292,0,,,,30046,Zfp292,1,0.43,14,Facilitator
23040 ,MYT1L,0,2.53,1,,17933,Myt1l,0,1.74,,
23051 ,ZHX3,0,0.41,4,,320799,Zhx3,1,0.86,,
23054 ,NCOA6,0,0.20,25,Facilitator,56406,Ncoa6,0,0.19,,
23081 ,JMJD2C,0,,,,76804,Jmjd2c,1,0.18,1,
23090 ,ZNF423,0,0.59,4,,94187,Zfp423,1,1.06,,
23099 ,ZBTB43,1,0.21,4,,71834,Zbtb43,1,0.20,1,
23102 ,TBC1D2B,0,,,,67016,Tbc1d2b,0,,,
23119 ,HIC2,0,,,,58180,Hic2,1,0.25,,
23133 ,PHF8,1,,,,320595,Phf8,1,0.24,,
23152 ,CIC,0,0.21,3,,71722,Cic,1,0.31,1,
23211 ,C19orf7,0,,,,---,---,0,---,,
23294 ,ANKS1A,0,,,,224650,Anks1,0,,,
23309 ,SIN3B,0,0.30,8,,20467,Sin3b,1,0.46,2,
23314 ,SATB2,1,1.87,1,,212712,Satb2,0,,,
23316 ,CUTL2,0,,,,13048,Cux2,0,1.30,,
23338 ,PHF15,1,0.34,4,,76901,Phf15,0,,,
23373 ,CRTC1,1,,,,382056,Crtc1,0,,,
23394 ,ADNP,0,,,,11538,Adnp,1,0.14,,
23408 ,SIRT5,1,,,,68346,Sirt5,1,,,
23409 ,SIRT4,0,,,,75387,Sirt4,0,,,
23410 ,SIRT3,1,,,,64384,Sirt3,1,0.42,,
23411 ,SIRT1,0,0.33,9,,93759,Sirt1,1,0.11,5,
23414 ,ZFPM2,0,1.08,4,,22762,Zfpm2,0,1.37,,
23429 ,RYBP,1,0.24,8,,56353,Rybp,1,0.35,2,
23435 ,TARDBP,1,0.12,1,,230908,Tardbp,1,0.04,6,
23462 ,HEY1,1,0.80,7,,15213,Hey1,1,0.98,1,
23466 ,CBX6,1,0.54,1,,494448,Cbx6,1,,,
23469 ,PHF3,0,,,,213109,Phf3,0,,,
23492 ,CBX7,1,0.43,2,,52609,Cbx7,1,0.45,,
23493 ,HEY2,1,1.01,9,,15214,Hey2,1,0.55,,
23512 ,SUZ12,1,0.48,6,,52615,Suz12,0,,,
23522 ,MYST4,0,0.40,2,,---,---,0,---,,
23528 ,ZNF281,1,,,,226442,Zfp281,1,0.10,,
23541 ,SEC14L2,1,,,,67815,Sec14l2,1,2.71,,
23543 ,RBM9,1,0.53,17,Facilitator,93686,Rbm9,1,,3,
23598 ,ZNF278,0,0.16,4,,56218,Patz1,0,0.26,,
23619 ,ZIM2,0,,,,---,---,0,---,,
23626 ,SPO11,1,,,,26972,Spo11,0,,,
23635 ,SSBP2,1,0.36,2,,66970,Ssbp2,1,0.56,20,Facilitator
23648 ,SSBP3,1,0.36,8,,72475,Ssbp3,1,0.30,27,Facilitator
23650 ,TRIM29,1,2.17,19,Specifier,---,---,0,---,,
23660 ,ZFP95,1,0.24,2,,22757,Zkscan5,1,0.16,,
23764 ,MAFF,1,1.38,11,,17133,Maff,1,0.65,1,
23774 ,BRD1,1,0.14,2,,---,---,0,---,,
25771 ,TBC1D22A,1,,,,223754,Tbc1d22a,0,,,
25788 ,RAD54B,1,1.19,4,,623474,E130016E03Rik,0,,,
25793 ,FBXO7,1,0.28,1,,69754,Fbxo7,0,,,
25799 ,ZNF324,1,,,,243834,Zfp324,1,,,
25803 ,SPDEF,1,2.84,3,,30051,Spdef,1,1.08,1,
25806 ,VAX2,0,,,,24113,Vax2,1,2.87,5,
25819 ,CCRN4L,0,,,,12457,Ccrn4l,0,,,
25833 ,POU2F3,0,2.40,1,,18988,Pou2f3,0,0.78,,
25850 ,ZNF345,0,,,,---,---,0,---,,
25885 ,POLR1A,0,0.09,3,,20019,Rpo1-4,1,0.09,5,
25888 ,ZNF473,1,0.37,1,,243963,Zfp473,1,1.32,7,Specifier
25897 ,RNF19,0,0.37,1,,30945,Rnf19a,0,,,
25909 ,AHCTF1,0,,,,226747,Ahctf1,0,0.61,,
25920 ,COBRA1,1,0.13,6,,58202,Cobra1,1,,,
25937 ,WWTR1,1,0.63,5,,97064,Wwtr1,1,,8,
25942 ,SIN3A,1,0.18,41,Facilitator,20466,Sin3a,0,0.10,4,
25946 ,ZNF385,0,,,,29813,Zfp385a,1,,,
25959 ,ANKRD25,0,,,,235041,Kank2,1,0.42,,
25988 ,MIZF,1,0.12,1,,102423,Mizf,1,,,
26009 ,ZZZ3,1,0.36,12,Facilitator,108946,Zzz3,0,,,
26013 ,L3MBTL,1,0.34,3,,241764,L3mbtl,0,,,
26036 ,ZNF451,1,0.42,5,,98403,Zfp451,1,,,
26038 ,CHD5,0,,,,269610,Chd5,0,,,
26039 ,SS18L1,1,0.46,21,Facilitator,269397,Ss18l1,1,,,
26040 ,SETBP1,0,,,,240427,Setbp1,0,0.65,,
26048 ,ZNF500,0,,,,---,---,0,---,,
26064 ,RAI14,0,,,,75646,Rai14,1,2.03,6,
26108 ,PYGO1,0,1.07,1,,72135,Pygo1,1,0.79,6,
26137 ,ZBTB20,1,0.34,2,,56490,Zbtb20,1,,,
26145 ,IRF2BP1,1,0.19,3,,272359,Irf2bp1,1,,,
26147 ,PHF19,1,,,,74016,Phf19,1,,,
26152 ,ZNF337,1,,,,---,---,0,---,,
26205 ,GMEB2,1,0.07,2,,229004,Gmeb2,1,0.37,11,Facilitator
26257 ,NKX2-8,1,2.47,1,,18094,Nkx2-9,0,1.81,,
26287 ,ANKRD2,1,3.44,6,,56642,Ankrd2,1,3.30,,
26292 ,MYCBP,1,0.18,2,,56309,Mycbp,1,0.15,,
26298 ,EHF,1,,,,13661,Ehf,1,1.80,1,
26468 ,LHX6,0,,,,16874,Lhx6,0,1.34,,
26471 ,P8,1,0.56,1,,56312,Nupr1,1,,,
26508 ,HEYL,1,0.66,9,,56198,Heyl,1,0.79,,
26574 ,AATF,1,0.08,9,,56321,Aatf,1,,,
26582 ,DUX3,0,,,,---,---,0,---,,
26959 ,HBP1,1,0.22,9,,73389,Hbp1,1,,,
26974 ,ZNF285,0,,,,---,---,0,---,,
27000 ,ZRF1,1,,,,22791,Dnajc2,1,,,
27022 ,FOXD3,0,1.28,1,,15221,Foxd3,0,0.80,,
27023 ,FOXB1,0,,,,64290,Foxb1,1,2.84,1,
27033 ,ZBTB32,1,1.40,6,,58206,Zbtb32,0,2.88,,
27044 ,SND1,1,0.18,9,,56463,Snd1,0,,,
27063 ,ANKRD1,1,,,,107765,Ankrd1,1,3.26,,
27086 ,FOXP1,1,0.38,4,,108655,Foxp1,1,0.56,8,Facilitator
27097 ,TAF5L,1,0.13,2,,102162,Taf5l,1,,,
27107 ,ZBTB11,0,0.65,1,,271377,Zbtb11,0,,,
27125 ,AFF4,0,0.27,1,,93736,Aff4,0,,,
27154 ,BRPF3,1,,,,268936,Brpf3,0,,,
27164 ,SALL3,0,,,,20689,Sall3,1,1.39,,
27254 ,CSDC2,0,,,,105859,Csdc2,1,1.69,2,
27287 ,VENTX,1,0.49,3,,---,---,0,---,,
27288 ,HNRNPG-T,1,,,,76572,Rbmxl2,1,3.46,,
27300 ,ZNF544,0,,,,---,---,0,---,,
27316 ,RBMX,1,0.21,5,,19655,Rbmx,0,,,
27324 ,TNRC9,1,,,,244579,Tox3,1,,8,
27332 ,ZNF638,0,0.63,2,,18139,Zfml,0,,,
27336 ,HTATSF1,0,0.26,6,,72459,Htatsf1,1,,,
28996 ,HIPK2,0,0.82,17,Facilitator,---,---,0,---,,
28999 ,KLF15,1,,,,66277,Klf15,1,0.68,,
29079 ,MED4,1,0.18,3,,67381,Med4,1,,,
29115 ,SAP30BP,1,0.05,1,,57230,Sap30bp,1,0.11,,
29117 ,BRD7,1,0.21,6,,26992,Brd7,0,,,
29777 ,ABT1,1,0.07,1,,30946,Abt1,1,0.26,,
29800 ,ZDHHC1,1,,,,---,---,0,---,,
29841 ,GRHL1,0,1.03,1,,195733,Grhl1,0,,,
29842 ,TFCP2L1,1,2.05,2,,81879,Tcfcp2l1,1,2.18,1,
29844 ,TFPT,1,0.26,2,,69714,Tfpt,0,,,
29855 ,UBN1,0,,,,170644,Ubn1,1,,,
29883 ,CNOT7,1,0.19,5,,18983,Cnot7,1,0.15,2,
29890 ,RBM15B,0,,,,---,---,0,---,,
29946 ,SERTAD3,1,0.32,1,,170742,Sertad3,0,,,
29947 ,DNMT3L,1,3.85,2,,54427,Dnmt3l,0,,1,
29950 ,SERTAD1,1,0.27,5,,55942,Sertad1,1,,7,
29956 ,LASS2,1,,,,76893,Lass2,1,0.53,31,Facilitator
29982 ,NRBF2,1,0.27,5,,641340,Nrbf2,1,,,
29994 ,BAZ2B,0,,,,407823,Baz2b,0,,,
30009 ,TBX21,1,1.84,2,,57765,Tbx21,1,2.06,7,Specifier
30012 ,TLX3,1,3.69,13,Specifier,27140,Tlx3,1,2.70,34,Specifier
30062 ,RAX,0,2.14,1,,19434,Rax,1,0.86,1,
30812 ,SOX8,1,1.70,14,Specifier,20681,Sox8,1,1.63,,
30813 ,VSX1,0,,,,114889,Vsx1,1,1.89,1,
30818 ,KCNIP3,1,1.22,4,,56461,Kcnip3,0,1.82,,
30827 ,CXXC1,1,0.07,2,,74322,Cxxc1,1,0.05,2,
30832 ,ZNF354C,0,,,,30944,Zfp354c,1,0.99,,
30834 ,ZNRD1,1,0.13,5,,66136,Znrd1,1,0.08,,
30851 ,TAX1BP3,1,0.24,4,,76281,Tax1bp3,0,,,
49854 ,ZNF295,0,0.45,1,,114565,Zfp295,1,,,
50674 ,NEUROG3,1,,,,11925,Neurog3,1,1.70,,
50804 ,MYEF2,1,,,,17876,Myef2,1,0.46,,
50805 ,IRX4,0,2.38,1,,50916,Irx4,1,3.06,,
50862 ,RNF141,1,,,,67150,Rnf141,1,0.60,,
50943 ,FOXP3,0,1.49,2,,20371,Foxp3,1,0.28,,
50945 ,TBX22,1,,,,245572,Tbx22,1,2.91,,
51003 ,MED31,1,0.55,14,Facilitator,67279,Med31,1,,2,
51008 ,ASCC1,0,0.22,1,,69090,Ascc1,0,,,
51027 ,BOLA1,0,,,,69168,Bola1,1,,,
51042 ,ZNF593,1,0.22,1,,68040,Zfp593,1,0.11,2,
51043 ,ZBTB7B,1,0.27,1,,22724,Zbtb7b,1,,,
51082 ,POLR1D,0,0.14,2,,20018,Rpo1-3,1,0.05,,
51085 ,MLXIPL,1,1.21,1,,58805,Mlxipl,0,2.04,,
51087 ,YBX2,0,,,,53422,Ybx2,1,,,
51114 ,ZDHHC9,1,,,,208884,Zdhhc9,0,,,
51130 ,ASB3,1,,,,65257,Asb3,1,0.10,2,
51132 ,RNF12,1,0.47,11,,19820,Rnf12,1,0.31,,
51147 ,ING4,1,0.17,7,,28019,Ing4,1,0.10,2,
51157 ,ZNF580,1,0.11,4,,68992,Zfp580,1,,,
51176 ,LEF1,1,2.49,15,Specifier,16842,Lef1,1,1.36,2,
51193 ,ZNF639,0,0.23,1,,67778,Zfp639,1,,,
51201 ,ZDHHC2,1,0.51,2,,70546,Zdhhc2,0,,,
51222 ,ZNF219,1,0.24,1,,69890,Zfp219,1,0.29,1,
51224 ,TCEB3B,1,0.76,5,,---,---,0,---,,
51230 ,PHF20,1,,,,228829,Phf20,1,0.29,,
51270 ,TFDP3,0,,,,---,---,0,---,,
51274 ,KLF3,1,,,,16599,Klf3,1,0.45,,
51276 ,ZNF571,0,,,,210503,Zfp677,1,,,
51282 ,SCAND1,1,0.09,10,,19018,Scand1,1,0.17,,
51317 ,PHF21A,1,0.25,3,,---,---,0,---,,
51341 ,ZBTB7A,0,0.20,5,,16969,Zbtb7a,1,,1,
51385 ,ZNF589,0,,,,---,---,0,---,,
51402 ,LW-1,1,,,,100130086,LOC100130086,0,,,
51427 ,ZNF588,0,0.81,1,,---,---,0,---,,
51442 ,VGLL1,1,4.21,3,,170828,Vgll1,0,,,
51450 ,PRRX2,1,1.07,1,,20204,Prrx2,0,0.79,,
51460 ,SFMBT1,1,,,,54650,Sfmbt1,0,,,
51497 ,TH1L,1,0.06,4,,57314,Th1l,1,,,
51513 ,ETV7,1,0.67,2,,---,---,0,---,,
51533 ,PHF7,1,,,,71838,Phf7,1,,,
51545 ,ZNF581,1,0.09,1,,---,---,0,---,,
51547 ,SIRT7,1,,,,209011,Sirt7,1,0.33,,
51564 ,HDAC7A,1,0.46,7,,56233,Hdac7,1,0.79,2,
51586 ,PCQAP,1,0.06,5,,94112,Med15,0,0.15,,
51588 ,PIAS4,0,0.16,20,Facilitator,59004,Pias4,1,0.70,1,
51592 ,TRIM33,1,0.35,1,,94093,Trim33,0,0.22,,
51616 ,TAF9B,1,0.35,5,,728198,LOC728198,0,,,
51621 ,KLF13,1,0.30,3,,50794,Klf13,1,0.30,,
51665 ,ASB1,1,,,,65247,Asb1,1,1.76,2,
51666 ,ASB4,0,,,,65255,Asb4,1,1.72,,
51684 ,SUFU,1,0.11,17,Facilitator,24069,Sufu,0,,,
51710 ,ZNF44,0,,,,---,---,0,---,,
51720 ,RAP80,1,0.36,1,,20184,Uimc1,0,,,
51728 ,POLR3K,1,,,,67005,Polr3k,1,,,
51729 ,WBP11,1,0.13,2,,60321,Wbp11,0,,,
51742 ,ARID4B,0,0.47,1,,94246,Arid4b,0,,,
51773 ,HBXAP,0,0.48,2,,233532,Rsf1,0,,,
51804 ,SIX4,0,1.72,2,,20474,Six4,0,1.35,1,
53335 ,BCL11A,0,1.10,2,,14025,Bcl11a,1,1.52,,
53615 ,MBD3,0,0.21,10,,17192,Mbd3,0,,,
54014 ,BRWD1,1,0.80,1,,93871,Brwd1,0,,,
54503 ,ZDHHC13,1,,,,243983,Zdhhc13,1,0.13,3,
54556 ,ING3,1,,,,71777,Ing3,1,0.17,,
54581 ,SCAND2,1,,,,---,---,0,---,,
54620 ,FBXL19,1,0.75,3,,233902,Fbxl19,0,,,
54626 ,HES2,0,,,,15206,Hes2,1,2.21,,
54737 ,HSMPP8,0,,,,75339,Mphosph8,1,0.25,,
54738 ,FEV,0,,,,260298,Fev,0,1.81,,
54807 ,ZNF586,1,,,,---,---,0,---,,
54815 ,GATAD2A,1,0.13,3,,234366,Gatad2a,0,,,
54851 ,ANKRD49,1,,,,56503,Ankrd49,1,0.75,2,
54856 ,GON4L,1,,,,76022,5830417I10Rik,1,,,
54880 ,BCOR,0,0.10,7,,71458,Bcor,0,0.23,,
54897 ,CASZ1,0,,,,69743,Casz1,0,,,
54904 ,WHSC1L1,1,,,,234135,Whsc1l1,0,,,
54925 ,ZNF434,1,0.15,6,,---,---,0,---,,
54993 ,ZSCAN2,1,,,,22691,Zscan2,1,1.25,4,
55139 ,ANKZF1,1,0.13,1,,52231,Ankzf1,1,0.26,,
55193 ,PB1,0,0.32,2,,66923,Pbrm1,1,0.03,,
55274 ,PHF10,1,0.23,1,,72057,Phf10,1,0.39,1,
55311 ,ZNF444,0,,,,72667,Zfp444,0,,,
55320 ,C14orf106,1,0.98,2,,217653,C79407,0,,,
55422 ,ZNF331,1,,,,---,---,0,---,,
55502 ,HES6,1,0.80,2,,55927,Hes6,1,0.59,4,
55509 ,SNFT,1,0.34,5,,381319,Batf3,1,,2,
55534 ,MAML3,1,0.28,9,,433586,Maml3,0,,,
55552 ,HSZFP36,0,,,,---,---,0,---,,
55553 ,SOX6,1,0.80,4,,20679,Sox6,1,1.43,2,
55608 ,ANKRD10,1,,,,102334,Ankrd10,1,0.12,,
55625 ,ZDHHC7,0,0.12,1,,102193,Zdhhc7,0,,,
55628 ,ZNF407,1,0.19,3,,240476,Zfp407,0,,,
55629 ,PNRC2,1,0.22,7,,100132235,LOC100132235,0,,,
55634 ,ZNF673,1,,,,---,---,0,---,,
55636 ,CHD7,0,,,,320790,Chd7,0,,,
55659 ,ZNF416,0,,,,---,---,0,---,,
55662 ,HIF1AN,0,0.23,6,,319594,Hif1an,1,,2,
55663 ,ZNF446,1,0.13,11,,269870,Zfp446,1,0.13,7,Facilitator
55689 ,YEATS2,1,,,,208146,Yeats2,0,,,
55703 ,POLR3B,1,,,,70428,Polr3b,0,0.05,,
55713 ,ZNF334,1,,,,228876,Zfp334,0,,,
55718 ,POLR3E,1,0.13,2,,26939,Polr3e,1,0.24,2,
55729 ,ATF7IP,0,0.17,16,Facilitator,54343,Atf7ip,1,0.20,,
55734 ,ZFP64,1,0.11,6,,22722,Zfp64,1,0.17,4,
55769 ,ZNF83,0,0.55,2,,---,---,0,---,,
55802 ,DCP1A,1,,,,75901,Dcp1a,0,0.55,,
55806 ,HR,1,1.30,8,,15460,Hr,1,1.04,4,
55809 ,TRERF1,0,0.33,3,,224829,Trerf1,1,,,
55810 ,FOXJ2,0,,,,60611,Foxj2,1,0.16,1,
55814 ,BDP1,1,0.78,3,,544971,Bdp1,0,,,
55869 ,HDAC8,1,0.16,1,,70315,Hdac8,1,0.39,,
55870 ,ASH1L,0,0.51,1,,192195,Ash1l,1,0.37,2,
55885 ,LMO3,1,1.48,9,,109593,Lmo3,1,,5,
55888 ,ZNF167,0,0.31,4,,---,---,0,---,,
55892 ,MYNN,0,,,,80732,Mynn,1,,1,
55893 ,ZNF395,1,,,,---,---,0,---,,
55900 ,ZNF302,1,,,,---,---,0,---,,
55904 ,MLL5,0,,,,---,---,0,---,,
55922 ,NKRF,0,0.43,4,,77286,Nkrf,1,,1,
55929 ,DMAP1,1,0.10,6,,66233,Dmap1,1,0.15,1,
56033 ,BARX1,0,,,,12022,Barx1,1,1.71,2,
56160 ,NDNL2,1,,,,66647,Ndnl2,1,,1,
56242 ,ZNF253,1,,,,---,---,0,---,,
56259 ,CTNNBL1,0,,,,66642,Ctnnbl1,1,,,
56311 ,ANKRD7,1,,,,75196,Ankrd7,1,3.45,2,
56342 ,PPAN,1,,,,---,---,0,---,,
56676 ,ASCL3,0,2.86,5,,56787,Ascl3,1,0.60,1,
56731 ,SLC2A4RG,1,,,,---,---,0,---,,
56751 ,BARHL1,1,4.19,2,,54422,Barhl1,1,1.61,2,
56903 ,PAPOLB,1,,,,56522,Papolb,1,3.41,1,
56911 ,C21orf7,1,,,,---,---,0,---,,
56916 ,SMARCAD1,1,,,,13990,Smarcad1,0,,,
56917 ,MEIS3,0,0.62,1,,17537,Meis3,1,0.85,3,
56938 ,ARNTL2,0,0.70,2,,272322,Arntl2,0,,,
56949 ,XAB2,1,0.08,4,,67439,Xab2,1,0.14,1,
56956 ,LHX9,0,2.33,2,,16876,Lhx9,1,1.68,7,Specifier
56978 ,PRDM8,0,,,,77630,Prdm8,0,,,
56979 ,PRDM9,0,,,,213389,Prdm9,0,,,
56980 ,PRDM10,0,,,,382066,Prdm10,0,,,
56987 ,BBX,0,,,,70508,Bbx,1,0.67,,
56995 ,TULP4,0,,,,68842,Tulp4,0,,,
56998 ,CTNNBIP1,1,0.31,1,,67087,Ctnnbip1,0,,1,
57057 ,TBX20,1,3.26,1,,57246,Tbx20,1,3.11,,
57109 ,REXO4,1,0.09,2,,227656,Rexo4,1,,,
57116 ,ZNF695,0,,,,---,---,0,---,,
57117 ,INTS12,1,,,,71793,Ints12,1,,,
57167 ,SALL4,0,,,,99377,Sall4,1,,2,
57169 ,ZNFX1,0,,,,98999,Znfx1,0,,,
57209 ,ZNF248,0,,,,72720,Zfp248,1,,,
57326 ,PBXIP1,1,0.28,3,,229534,Pbxip1,1,,1,
57332 ,CBX8,1,0.28,6,,30951,Cbx8,1,0.24,,
57335 ,ZNF286,0,,,,192651,Zfp286,1,,,
57336 ,ZNF287,0,,,,170740,Zfp287,1,0.49,,
57343 ,ZNF304,0,,,,---,---,0,---,,
57459 ,GATAD2B,0,0.15,4,,229542,Gatad2b,0,0.37,,
57472 ,CNOT6,0,0.19,3,,104625,Cnot6,0,,,
57473 ,GM632,0,0.17,19,Facilitator,269401,Znf512b,0,,,
57474 ,ZNF490,1,0.29,6,,234358,D10627,0,,,
57492 ,ARID1B,1,0.15,5,,239985,Arid1b,0,,,
57496 ,MKL2,0,1.05,5,,239719,Mkl2,0,,,
57504 ,MTA3,1,,,,116871,Mta3,1,0.16,,
57541 ,ZNF398,0,0.32,1,,272347,Zfp398,1,0.26,1,
57547 ,ZNF624,0,,,,100040944,LOC100040944,0,,,
57567 ,ZNF319,0,,,,79233,Zfp319,1,0.21,,
57573 ,ZNF471,0,1.00,1,,330463,Zfp78,1,,,
57585 ,CRAMP1L,0,,,,57354,Cramp1l,0,,,
57591 ,MKL1,0,0.20,4,,223701,Mkl1,1,0.32,1,
57593 ,RP5-860F19.3,0,,,,228598,Ebf4,0,0.73,2,
57594 ,KIAA1443,0,0.10,1,,239099,Homez,0,,,
57616 ,TSHZ3,0,,,,243931,Tshz3,0,0.89,,
57621 ,ZBTB2,1,0.33,2,,381990,Zbtb2,0,,,
57634 ,EP400,0,0.10,1,,75560,Ep400,0,,,
57645 ,POGK,1,,,,71592,Pogk,1,0.39,,
57649 ,PHF12,0,0.12,2,,268448,Phf12,1,0.29,,
57658 ,CALCOCO1,1,0.17,2,,67488,Calcoco1,0,,,
57677 ,KIAA1559,0,,,,243906,Zfp14,1,0.25,,
57680 ,CHD8,0,0.12,2,,67772,Chd8,0,,,
57684 ,ZBTB26,0,,,,320633,Zbtb26,0,,,
57693 ,ZNF317,1,,,,244713,Zfp317,1,0.16,,
57727 ,NCOA5,1,0.12,3,,228869,Ncoa5,1,,1,
57761 ,TRIB3,1,0.94,5,,228775,Trib3,1,0.75,1,
57763 ,ANKRA2,0,0.24,2,,68558,Ankra2,1,0.28,1,
57786 ,RBAK,0,0.70,1,,57782,Rbak,1,0.13,,
57794 ,SF4,0,,,,70616,Sf4,0,,,
57798 ,GATAD1,1,0.21,1,,67210,Gatad1,0,,,
57801 ,HES4,1,0.36,2,,---,---,0,---,,
57862 ,ZNF410,1,0.12,1,,52708,Zfp410,1,,,
58158 ,NEUROD4,0,,,,11923,Neurod4,1,1.35,1,
58487 ,ZF,0,0.16,4,,233490,Crebzf,0,,,
58491 ,ZNF71,1,,,,---,---,0,---,,
58492 ,ZNF77,1,,,,---,---,0,---,,
58495 ,OVOL2,1,,,,107586,Ovol2,1,2.33,,
58499 ,ZNF462,0,,,,242466,Zfp462,1,,,
58500 ,ZNF250,1,0.20,2,,239546,Zfp647,1,,,
58506 ,SR-A1,1,,,,233208,Scaf1,0,,,
58508 ,MLL3,0,,,,231051,Mll3,0,0.66,,
58524 ,DMRT3,0,,,,240590,Dmrt3,0,,,
59269 ,HIVEP3,0,,,,16656,Hivep3,0,1.13,,
59335 ,PRDM12,0,,,,381359,Prdm12,0,,,
59336 ,PRDM13,0,,,,230025,Prdm13,0,,,
59348 ,ZNF350,1,0.36,2,,---,---,0,---,,
60436 ,TGIF2,1,0.30,3,,228839,Tgif2,1,0.81,,
60468 ,BACH2,0,1.62,2,,---,---,0,---,,
60529 ,ALX4,1,1.62,13,Specifier,11695,Alx4,1,1.05,32,Specifier
63876 ,PKNOX2,1,0.94,2,,208076,Pknox2,1,0.83,6,
63925 ,ZNF335,0,0.08,1,,329559,Zfp335,1,,,
63926 ,ANKRD5,1,0.50,1,,319196,Ankrd5,1,3.31,,
63946 ,DMRTC2,1,3.45,1,,71241,Dmrtc2,1,,8,
63948 ,DMRTB1,0,4.73,3,,56296,Dmrtb1,0,,,
63951 ,DMRTA1,1,,,,242523,Dmrta1,0,,,
63973 ,NEUROG2,0,3.63,1,,11924,Neurog2,1,1.95,1,
63974 ,NEUROD6,1,,,,11922,Neurod6,1,2.20,,
63976 ,PRDM16,0,,,,70673,Prdm16,1,,,
63978 ,PRDM14,1,1.89,3,,383491,Prdm14,0,,,
64067 ,NPAS3,0,,,,27386,Npas3,0,,,
64105 ,FKSG14,1,0.00,2,,60411,Cenpk,0,---,,
64210 ,MMS19L,1,0.13,4,,72199,Mms19,1,,3,
64211 ,LHX5,0,,,,16873,Lhx5,1,2.38,2,
64288 ,ZNF323,1,0.45,1,,---,---,0,---,,
64321 ,SOX17,1,0.63,1,,20671,Sox17,1,1.33,,
64324 ,NSD1,0,0.19,6,,18193,Nsd1,0,0.18,,
64332 ,NFKBIZ,1,0.84,2,,80859,Nfkbiz,1,0.35,5,
64344 ,HIF3A,1,1.00,2,,53417,Hif3a,0,1.02,,
64412 ,GZF1,1,,,,74533,Gzf1,1,,,
64425 ,POLR1E,1,0.18,6,,64424,Polr1e,0,0.16,1,
64429 ,ZDHHC6,1,,,,66980,Zdhhc6,1,,8,
64641 ,EBF2,1,,,,13592,Ebf2,1,1.37,,
64750 ,SMURF2,0,0.36,16,Facilitator,66313,Smurf2,0,,,
64783 ,RBM15,0,,,,229700,Rbm15,0,,,
64843 ,ISL2,1,1.64,3,,104360,Isl2,1,2.15,8,Specifier
64864 ,RFXDC2,0,,,,319758,Rfxdc2,1,,,
64895 ,PAPOLG,1,0.25,3,,216578,Papolg,1,0.21,,
64919 ,BCL11B,0,1.73,2,,58208,Bcl11b,0,,,
65124 ,C2orf26,1,0.61,1,,268301,Ankrd57,1,0.35,1,
65249 ,ZSWIM4,0,,,,212168,Zswim4,1,,2,
65251 ,ZNF649,1,,,,---,---,0,---,,
65982 ,ZNF447,1,0.62,1,,232875,Zscan18,0,,,
65986 ,ZBTB10,1,,,,229055,Zbtb10,0,,,
65988 ,ZNF747,1,0.24,1,,---,---,0,---,,
79027 ,ZNF655,0,0.18,1,,72611,Zfp655,1,,,
79039 ,DDX54,1,0.16,4,,71990,Ddx54,1,,,
79088 ,ZNF426,1,,,,235028,Zfp426,1,0.18,,
79142 ,PHF23,1,,,,78246,Phf23,1,,,
79149 ,ZSCAN5,1,,,,---,---,0,---,,
79175 ,ZNF343,1,,,,---,---,0,---,,
79190 ,IRX6,0,,,,64379,Irx6,1,1.75,1,
79191 ,IRX3,1,,,,16373,Irx3,1,1.42,,
79192 ,IRX1,0,,,,16371,Irx1,1,1.76,,
79230 ,ZNF557,1,0.35,1,,---,---,0,---,,
79365 ,BHLHB3,0,0.89,1,,79362,Bhlhb3,0,0.42,,
79366 ,NSBP1,1,,,,50887,Nsbp1,1,0.17,,
79603 ,LASS4,1,,,,67260,Lass4,1,,1,
79618 ,HMBOX1,1,,,,219150,Hmbox1,1,0.31,,
79722 ,FLJ11795,1,1.42,1,,77318,Ankrd55,1,1.74,,
79723 ,SUV39H2,1,0.42,1,,64707,Suv39h2,0,,,
79724 ,FLJ23436,1,0.20,1,,233890,Zfp768,1,,4,
79727 ,LIN28,1,,,,83557,Lin28,1,,,
79733 ,E2F8,1,1.65,2,,108961,E2f8,0,,,
79744 ,ZNF419,1,,,,374928,ZNF773,0,,,
79753 ,SNIP1,0,0.15,14,Facilitator,76793,Snip1,1,,,
79797 ,ZNF408,1,0.07,7,,381410,Zfp408,0,,,
79800 ,ALS2CR8,1,0.56,1,,241066,Carf,1,1.15,1,
79813 ,EHMT1,1,0.16,3,,77683,Ehmt1,1,0.10,,
79816 ,TLE6,1,,,,114606,Tle6,1,0.16,19,Facilitator
79842 ,ZBTB3,1,0.21,21,Facilitator,75291,Zbtb3,1,,5,
79862 ,ZNF669,1,,,,---,---,0,---,,
79885 ,HDAC11,1,0.50,1,,232232,Hdac11,1,,,
79891 ,ZNF671,1,,,,---,---,0,---,,
79898 ,ZNF613,1,,,,---,---,0,---,,
79923 ,NANOG,1,0.56,1,,71950,Nanog,0,,,
79960 ,PHF17,1,0.23,1,,269424,Phf17,1,,5,
79973 ,ZNF442,0,,,,---,---,0,---,,
79998 ,ANKRD53,1,0.58,1,,---,---,0,---,,
80032 ,ZNF556,1,1.72,1,,---,---,0,---,,
80095 ,ZNF606,0,,,,67370,Zfp606,1,0.44,,
80108 ,ZFP2,1,0.77,1,,22678,Zfp2,1,0.72,,
80155 ,NARG1,1,0.44,2,,74838,Narg1,1,,1,
80237 ,ELL3,1,,,,269344,Ell3,0,,,
80264 ,ZNF430,0,,,,---,---,0,---,,
80314 ,EPC1,0,0.19,2,,13831,Epc1,0,,,
80317 ,ZNF306,1,,,,72739,Zkscan3,1,0.13,,
80325 ,ABTB1,1,0.27,2,,80283,Abtb1,1,0.15,3,
80345 ,ZNF435,0,0.25,1,,---,---,0,---,,
80712 ,ESX1,0,,,,13984,Esx1,0,3.45,,
80714 ,PBX4,0,,,,80720,Pbx4,1,,9,
80764 ,THAP7,1,0.08,2,,69009,Thap7,0,,,
80778 ,ZNF34,0,,,,---,---,0,---,,
80818 ,ZNF436,1,0.36,1,,22704,Zfp46,1,,,
80829 ,ZFP91,0,,,,109910,Zfp91,0,,,
81628 ,TSC22D4,1,0.49,3,,78829,Tsc22d4,1,0.36,1,
81856 ,ZNF611,1,,,,---,---,0,---,,
81931 ,ZNF93,0,,,,431706,Zfp457,0,---,,
83439 ,TCF7L1,1,0.36,1,,21415,Tcf3,1,0.50,,
83463 ,MXD3,1,0.79,1,,17121,Mxd3,1,1.30,1,
83482 ,SCRT1,0,,,,---,---,0,---,,
83595 ,SOX7,1,0.58,2,,20680,Sox7,1,1.62,,
83741 ,TFAP2D,1,,,,226896,Tcfap2d,1,2.15,3,
83746 ,L3MBTL2,1,0.06,1,,214669,L3mbtl2,1,0.17,,
83855 ,KLF16,0,0.49,1,,118445,Klf16,1,0.82,,
83881 ,MIXL1,0,,,,27217,Mixl1,1,0.40,10,Facilitator
83933 ,HDAC10,0,0.15,3,,170787,Hdac10,1,,6,
83990 ,BRIP1,0,2.10,2,,237911,Brip1,1,,1,
84105 ,PCBD2,1,0.44,29,Facilitator,72562,Pcbd2,0,,,
84108 ,PCGF6,1,0.16,3,,71041,Pcgf6,1,,,
84124 ,ZNF394,1,,,,67235,Zkscan14,1,0.08,,
84146 ,ZNF644,0,,,,52397,Zfp644,0,,,
84159 ,ARID5B,0,,,,71371,Arid5b,0,0.25,,
84164 ,ASCC2,1,0.19,7,,75452,Ascc2,0,,,
84172 ,POLR1B,1,0.14,8,,20017,Rpo1-2,1,0.10,2,
84174 ,SLA2,1,,,,77799,Sla2,0,,,
84232 ,MAF1,0,,,,68877,Maf1,0,,,
84250 ,ANKRD32,0,,,,105377,Ankrd32,1,0.16,3,
84287 ,ZDHHC16,1,0.07,1,,74168,Zdhhc16,1,,1,
84289 ,ING5,1,0.18,5,,---,---,0,---,,
84295 ,PHF6,1,,,,70998,Phf6,1,,,
84307 ,ZNF397,1,0.33,4,,---,---,0,---,,
84365 ,MKI67IP,1,0.31,1,,67949,Mki67ip,1,,,
84444 ,DOT1L,0,0.74,1,,208266,Dot1l,0,,,
84449 ,ZNF333,1,,,,---,---,0,---,,
84450 ,ZNF512,1,,,,269639,Zfp512,1,,,
84456 ,L3MBTL3,1,0.36,1,,237339,L3mbtl3,0,,,
84458 ,MLR2,1,0.34,1,,212391,Lcor,1,0.17,,
84504 ,NKX6-2,0,,,,14912,Nkx6-2,1,1.50,3,
84515 ,MCM8,0,0.67,3,,66634,Mcm8,0,0.29,,
84525 ,HOP,1,1.39,5,,74318,Hopx,1,1.59,,
84527 ,ZNF559,1,,,,---,---,0,---,,
84528 ,PEPP-2,1,3.63,15,Specifier,---,---,0,---,,
84547 ,PGBD1,0,,,,---,---,0,---,,
84614 ,ZBTB37,1,,,,---,---,0,---,,
84626 ,KIAA1862,0,,,,77827,Krba1,0,,,
84627 ,ZNF469,0,,,,---,---,0,---,,
84654 ,SPZ1,1,3.53,1,,79401,Spz1,1,3.46,,
84662 ,GLIS2,0,,,,83396,Glis2,1,1.45,,
84667 ,HES7,0,,,,84653,Hes7,1,0.65,,
84671 ,ZNF347,0,,,,22709,Zfp51,1,,,
84678 ,FBXL10,1,0.29,2,,30841,Fbxl10,0,,,
84684 ,INSM2,1,2.30,1,,56856,Insm2,0,1.43,,
84699 ,CREB3L3,0,3.95,3,,208677,Creb3l3,1,3.32,,
84717 ,HDGF2,1,,,,15193,Hdgfrp2,1,0.26,,
84765 ,ZNF577,1,,,,---,---,0,---,,
84838 ,ZNF496,1,0.13,10,,268417,Zkscan17,1,,,
84839 ,RAXL1,0,,,,---,---,0,---,,
84844 ,PHF5A,1,,,,68479,Phf5a,1,,,
84874 ,ZNF514,1,,,,---,---,0,---,,
84878 ,ZNF499,0,0.24,1,,232879,Zbtb45,0,,,
84891 ,ZNF206,1,,,,332221,Zscan10,0,,,
84905 ,ZNF341,0,,,,228807,Zfp341,0,,,
84911 ,ZNF382,1,0.77,1,,233060,Zfp382,0,,,
84914 ,ZNF587,0,0.15,1,,147687,ZNF417,0,0.23,,
84922 ,FLJ14768,1,0.18,1,,23877,Fiz1,0,,,
84924 ,ZNF566,1,,,,72556,Zfp566,1,0.60,,
84969 ,C20orf100,1,,,,269389,Tox2,0,,,
85363 ,TRIM5,1,0.34,4,,667823,EG667823,0,,,
85403 ,EAF1,1,0.24,2,,74427,Eaf1,1,,,
85409 ,NKD2,1,,,,72293,Nkd2,1,,4,
85441 ,PRIC285,0,0.43,2,,229003,BC006779,0,,,
85446 ,ZFHX2,0,,,,239102,Zfhx2,0,,,
85508 ,SCRT2,0,,,,545474,Scrt2,0,,,
85509 ,MBD3L1,1,3.18,2,,73503,Mbd3l1,1,3.44,,
86614 ,HSFY1,1,,,,71066,Hsfy2,0,3.46,,
89870 ,TRIM15,1,3.14,8,,69097,Trim15,0,,,
89884 ,LHX4,1,0.44,1,,16872,Lhx4,1,1.77,3,
90075 ,ZNF30,0,,,,---,---,0,---,,
90233 ,ZNF551,1,,,,619331,Zfp551,0,,,
90316 ,TGIF2LX,1,,,,245583,Tgif2lx,1,3.46,1,
90321 ,LOC90321,0,,,,---,---,0,---,,
90338 ,ZNF160,0,,,,224585,Zfp160,1,0.26,,
90390 ,THRAP6,1,0.12,7,,69790,Med30,1,,3,
90592 ,ZNF700,0,,,,---,---,0,---,,
90594 ,ZNF439,1,,,,---,---,0,---,,
90649 ,ZNF486,1,,,,---,---,0,---,,
90655 ,TGIF2LY,1,4.74,1,,---,---,0,---,,
90780 ,PYGO2,1,,,,68911,Pygo2,0,,,
90827 ,ZNF479,0,,,,---,---,0,---,,
90853 ,SPOCD1,1,,,,622480,OTTMUSG00000009522,0,,,
90987 ,ZNF251,0,0.39,1,,71591,Zfp251,0,,,
90993 ,CREB3L1,1,1.09,3,,26427,Creb3l1,1,0.31,1,
91012 ,LASS5,1,,,,71949,Lass5,1,,3,
91074 ,ANKRD30A,0,,,,---,---,0,---,,
91133 ,L3MBTL4,1,,,,---,---,0,---,,
91392 ,ZNF502,1,0.45,1,,212569,Zfp273,0,,,
91612 ,CHURC1,1,0.48,2,,211151,Churc1,0,,,
91661 ,LOC91661,1,,,,---,---,0,---,,
91746 ,YTHDC1,1,0.25,5,,231386,Ythdc1,1,0.17,,
91975 ,ZNF300,1,,,,245368,Zfp300,1,,,
92283 ,GIOT-1,1,,,,---,---,0,---,,
92285 ,ZNF585B,0,,,,---,---,0,---,,
92379 ,ZFP62,1,,,,22720,Zfp62,1,,,
92565 ,FANK1,1,0.77,1,,66930,Fank1,1,3.14,,
92595 ,MGC13138,1,0.08,1,,233893,Zfp764,1,,2,
92822 ,ZNF276,0,0.25,1,,57247,Zfp276,1,,1,
93166 ,PRDM6,0,,,,225518,Prdm6,0,,,
93474 ,ZNF670,1,,,,---,---,0,---,,
93649 ,MYOCD,1,2.23,3,,214384,Myocd,1,2.88,5,
93986 ,FOXP2,0,1.00,2,,114142,Foxp2,1,0.80,,
94039 ,ZNF101,0,,,,---,---,0,---,,
94104 ,C21orf66,1,,,,67367,1810007M14Rik,1,0.31,,
94234 ,FOXQ1,1,,,,15220,Foxq1,1,1.15,2,
112885 ,PHF21B,0,,,,271305,Phf21b,1,1.08,,
112950 ,MED8,0,0.12,13,Facilitator,80509,Med8,1,,,
113835 ,ZNF257,1,,,,---,---,0,---,,
114026 ,ZIM3,0,,,,---,---,0,---,,
114034 ,TOE1,1,0.08,1,,68276,Toe1,1,,,
115196 ,ZNF554,1,,,,---,---,0,---,,
115509 ,ZNF689,1,,,,71131,Zfp689,1,,,
115560 ,ZNF501,0,,,,---,---,0,---,,
115950 ,ZNF653,1,0.34,1,,319601,Zfp653,0,,,
116113 ,FOXP4,1,0.22,3,,74123,Foxp4,1,,,
116448 ,OLIG1,0,,,,50914,Olig1,1,1.71,5,
116988 ,CENTG3,0,,,,213990,Centg3,0,0.29,,
117154 ,DACH2,1,2.28,1,,93837,Dach2,0,,1,
117581 ,TWIST2,1,1.01,2,,---,---,0,---,,
117608 ,ZNF354B,1,,,,27274,Zfp354b,1,0.54,,
118738 ,ZNF488,1,,,,382867,Zfp488,0,,,
118932 ,ANKRD22,1,4.04,1,,52024,Ankrd22,1,2.07,1,
121274 ,ZNF641,1,,,,239652,Zfp641,1,,2,
121340 ,SP7,1,,,,170574,Sp7,1,1.69,6,
121536 ,AEBP2,1,0.39,3,,11569,Aebp2,1,0.09,,
121551 ,BTBD11,1,,,,74007,Btbd11,0,0.98,,
121599 ,SPIC,1,,,,20728,Spic,1,3.15,,
121643 ,FOXN4,1,,,,116810,Foxn4,0,2.16,,
122953 ,JDP2,1,0.49,10,,81703,Jdp2,1,0.65,11,Facilitator
124401 ,ANKS3,1,0.22,1,,72615,Anks3,1,0.20,2,
126068 ,ZNF441,0,,,,---,---,0,---,,
126069 ,ZNF491,0,,,,---,---,0,---,,
126070 ,ZNF440,1,0.45,2,,---,---,0,---,,
126231 ,ZNF573,1,,,,---,---,0,---,,
126295 ,LOC126295,0,,,,---,---,0,---,,
127343 ,DMBX1,1,,,,140477,Dmbx1,1,1.18,,
127428 ,C1orf83,0,,,,66526,2210012G02Rik,0,,,
127540 ,HMGB4,1,,,,69317,Hmgb4,1,,,
127557 ,ZBTB8,1,0.39,8,,---,---,0,---,,
128553 ,TSHZ2,1,,,,228911,Tshz2,0,,,
128872 ,HMG4L,0,,,,---,---,0,---,,
129025 ,SUHW1,1,,,,---,---,0,---,,
129138 ,LOC129138,1,,,,223690,Ankrd54,1,1.43,,
130557 ,ZNF513,1,0.41,4,,101023,Zfp513,1,,4,
132625 ,ZFP42,1,,,,22702,Zfp42,1,3.40,1,
133522 ,PPARGC1B,1,0.44,9,,170826,Ppargc1b,0,,2,
133746 ,JMY,1,0.25,2,,57748,Jmy,1,0.24,,
134187 ,FLJ25680,0,,,,75507,Pou5f2,0,1.05,,
136051 ,DKFZp762I137,0,,,,330301,Zfp786,1,,,
136259 ,KLF14,0,,,,619665,Klf14,0,,,
136371 ,ASB10,0,,,,117590,Asb10,1,2.42,,
136647 ,C7orf11,1,,,,66308,2810021B07Rik,0,,,
138474 ,TAF1L,0,4.26,1,,---,---,0,---,,
139324 ,CXorf43,1,1.00,2,,245596,Hdx,1,,,
140456 ,ASB11,0,,,,68854,Asb11,1,2.25,,
140459 ,ASB6,1,,,,72323,Asb6,1,0.24,2,
140461 ,ASB8,1,0.28,2,,78541,Asb8,1,0.35,,
140462 ,ASB9,1,1.99,2,,69299,Asb9,1,2.74,,
140467 ,ZNF358,1,,,,140482,Zfp358,0,,,
140612 ,ZFP28,0,,,,22690,Zfp28,1,,1,
140628 ,GATA5,0,1.97,2,,14464,Gata5,1,2.03,3,
140685 ,BTBD4,1,,,,---,---,0,---,,
140690 ,CTCFL,0,,,,664799,Ctcfl,0,,,
140883 ,SUHW2,1,,,,64453,Zfp280b,1,,,
140893 ,C20orf151,1,,,,271887,BC066135,0,,,
142685 ,ASB15,0,,,,78910,Asb15,1,1.80,4,
142689 ,ASB12,1,4.04,1,,70392,Asb12,1,2.33,3,
145258 ,GSC,1,1.04,4,,14836,Gsc,1,2.91,1,
146198 ,ZFP90,0,,,,22751,Zfp90,1,0.36,,
146434 ,ZNF597,1,0.48,1,,71063,Zfp597,1,,,
146540 ,FLJ32130,0,,,,---,---,0,---,,
146542 ,ZNF688,1,,,,69234,Zfp688,1,,1,
147657 ,ZNF480,1,,,,---,---,0,---,,
147660 ,ZNF578,0,,,,---,---,0,---,,
147686 ,ZNF418,0,,,,---,---,0,---,,
147687 ,ZNF417,1,0.21,1,,---,---,0,---,,
147741 ,ZNF560,0,,,,434377,Zfp560,0,,,
147807 ,ZNF524,1,,,,66056,Zfp524,1,,1,
147837 ,ZNF563,1,,,,240068,Zfp563,0,,,
147912 ,SIX5,0,0.46,1,,20475,Six5,0,0.44,1,
147923 ,ZNF420,1,,,,---,---,0,---,,
147929 ,ZNF565,1,,,,74352,Zfp84,1,0.26,,
147948 ,ZNF582,1,,,,---,---,0,---,,
147949 ,ZNF583,0,,,,213011,Zfp583,0,,,
148103 ,ZNF599,0,,,,---,---,0,---,,
148156 ,ZNF558,1,,,,72230,Zfp558,0,,,
148203 ,LOC148203,0,,,,---,---,0,---,,
148206 ,ZNF714,1,0.71,2,,---,---,0,---,,
148254 ,ZNF555,1,,,,---,---,0,---,,
148268 ,ZNF570,1,,,,---,---,0,---,,
148327 ,CREB3L4,1,,,,78284,Creb3l4,1,,,
148479 ,PHF13,1,,,,230936,Phf13,1,,,
148979 ,GLIS1,1,,,,230587,Glis1,0,2.02,,
150572 ,SMYD1,1,3.55,2,,12180,Smyd1,1,2.20,,
152518 ,NFXL1,0,,,,100978,Nfxl1,0,0.61,,
152687 ,ZNF595,0,,,,218314,Zfp595,1,,,
153572 ,IRX2,1,,,,16372,Irx2,1,1.49,,
157848 ,FLJ25169,1,,,,---,---,0,---,,
158399 ,ZNF483,0,,,,100041581,Zkscan16,0,,,
158800 ,OTEX,1,2.98,1,,---,---,0,---,,
158866 ,ZDHHC15,1,,,,108672,Zdhhc15,1,,4,
159296 ,NKX2-3,1,4.14,2,,18089,Nkx2-3,1,3.41,2,
161882 ,ZFPM1,0,1.02,2,,22761,Zfpm1,0,0.43,,
162239 ,ZFP1,1,,,,22640,Zfp1,1,0.22,,
162655 ,ZNF519,1,0.81,1,,---,---,0,---,,
162699 ,TCEB3C,0,0.92,2,,653420,TCEB3CL2,0,,,
162963 ,ZNF610,1,,,,---,---,0,---,,
162972 ,ZNF550,1,,,,---,---,0,---,,
162979 ,ZNF342,1,,,,63872,Zfp296,1,,,
162989 ,DEDD2,1,0.08,7,,67379,Dedd2,0,,,
163050 ,ZNF564,0,,,,---,---,0,---,,
163051 ,ZNF709,0,,,,70227,Zfp619,0,,,
163059 ,ZNF433,1,,,,620790,OTTMUSG00000016626,0,,,
163071 ,ZNF114,0,,,,---,---,0,---,,
163081 ,ZNF567,1,0.46,1,,---,---,0,---,,
163087 ,ZNF383,1,0.31,1,,---,---,0,---,,
163227 ,ZNF100,1,,,,---,---,0,---,,
163255 ,ZNF540,0,,,,---,---,0,---,,
163732 ,CITED4,1,1.89,4,,56222,Cited4,1,0.80,14,Facilitator
167465 ,ZNF366,0,,,,238803,Zfp366,0,,,
167826 ,OLIG3,1,2.00,1,,94222,Olig3,0,1.35,,
168374 ,ZNF92,1,0.77,2,,---,---,0,---,,
168417 ,ZNF679,1,,,,---,---,0,---,,
168544 ,ZNF467,1,0.22,3,,68910,Zfp467,1,,1,
168620 ,BHLHB8,1,2.86,3,,17341,Bhlhb8,1,1.89,,
169270 ,ZNF596,1,,,,---,---,0,---,,
169792 ,GLIS3,1,0.77,1,,226075,Glis3,0,,,
169841 ,ZNF169,1,,,,67911,Zfp169,0,,,
170082 ,MGC17403,1,0.26,2,,245695,A630018P17Rik,0,,,
170302 ,ARX,0,,,,11878,Arx,0,2.12,,
170463 ,SSBP4,1,0.32,4,,76900,Ssbp4,1,,18,
170825 ,GSH2,0,,,,14843,Gsx2,1,2.38,1,
170959 ,ZNF431,1,,,,---,---,0,---,,
171017 ,ZNF384,1,0.09,3,,269800,Zfp384,0,,,
171023 ,ASXL1,0,,,,228790,Asxl1,0,,,
171392 ,ZNF675,0,0.65,1,,---,---,0,---,,
171568 ,POLR3H,0,,,,78929,Polr3h,1,0.34,,
197320 ,FLJ31875,1,,,,---,---,0,---,,
197407 ,ZNF553,1,,,,233887,Zfp553,1,,,
199692 ,ZNF627,1,,,,237775,BC050078,0,,,
199704 ,ZNF585A,0,,,,22689,Zfp27,1,,,
199777 ,ZNF626,1,,,,---,---,0,---,,
200350 ,FOXD4L1,0,,,,14237,Foxd4,0,1.66,,
201514 ,ZNF584,1,0.09,1,,---,---,0,---,,
201516 ,ZSCAN4,1,1.40,3,,---,---,0,---,,
201798 ,TIGD4,1,0.73,1,,403175,Tigd4,0,,,
202559 ,KHDRBS2,1,1.52,4,,170771,Khdrbs2,0,,,
203523 ,ZNF449,1,,,,78619,Zfp449,1,0.26,,
204219 ,LASS3,0,,,,545975,Lass3,0,,,
219409 ,GSH1,0,,,,14842,Gsx1,1,1.59,1,
219749 ,ZNF25,1,,,,22750,Zfp9,1,,,
221037 ,JMJD1C,1,0.55,2,,108829,Jmjd1c,0,,,
221504 ,ZBTB9,1,0.42,15,Facilitator,474156,Zbtb9,1,,4,
221527 ,ZBTB12,1,,,,193736,Zbtb12,0,,,
221833 ,SP8,1,2.73,3,,320145,Sp8,1,,,
221895 ,tcag7.981,1,,,,231986,Jazf1,1,,,
222546 ,RFXDC1,1,2.32,4,,320995,Rfxdc1,1,,,
222696 ,ZNF390,0,,,,---,---,0,---,,
245806 ,VGLL2,1,4.10,2,,215031,Vgll2,1,3.29,,
246175 ,CNOT6L,1,0.37,2,,231464,Cnot6l,0,,,
246721 ,POLR2J2,1,,,,---,---,0,---,,
252884 ,ZNF396,1,0.52,3,,---,---,0,---,,
252969 ,NEIL2,1,0.27,1,,382913,Neil2,0,,,
253461 ,ZBTB38,1,,,,245007,Zbtb38,1,,,
253738 ,EBF3,0,,,,13593,Ebf3,0,1.22,1,
254251 ,MLR1,1,,,,---,---,0,---,,
254394 ,MCMDC1,1,,,,71567,Mcm9,0,,,
255877 ,BCL6B,1,0.65,1,,12029,Bcl6b,1,0.76,1,
256051 ,ZNF549,1,,,,---,---,0,---,,
256297 ,PTF1A,0,4.72,1,,19213,Ptf1a,1,2.43,,
257218 ,SHPRH,1,,,,268281,Shprh,0,0.44,,
282890 ,ZNF311,0,,,,---,---,0,---,,
283078 ,MKX,1,,,,210719,Mkx,1,1.38,,
283248 ,RCOR2,1,,,,104383,Rcor2,1,0.80,,
284119 ,PTRF,0,0.68,1,,19285,Ptrf,0,1.18,,
284306 ,ZNF547,0,,,,---,---,0,---,,
284312 ,ZSCAN1,1,1.05,33,Specifier,---,---,0,---,,
284349 ,ZNF283,1,,,,112415,C030039L03Rik,0,,,
284370 ,ZNF615,0,,,,408062,BC062115,0,,,
284406 ,ZNF545,1,,,,330502,Zfp82,1,,2,
284443 ,LOC115648,0,,,,78251,Zfp712,1,0.30,,
284443 ,ZNF493,0,,,,78251,Zfp712,1,0.30,,
284459 ,HKR1,1,,,,---,---,0,---,,
284695 ,ZNF326,0,,,,54367,Zfp326,1,,,
285676 ,ZNF454,0,,,,237758,Zfp454,0,,,
286075 ,ZNF707,1,,,,69020,Zfp707,0,0.39,,
286128 ,ZFP41,1,,,,22701,Zfp41,1,0.66,,
286380 ,RP11-561O23.3,1,,,,653404,FOXD4L6,0,,,
286749 ,SALF,0,,,,---,---,0,---,,
333929 ,SNAI3,1,,,,30927,Snai3,1,0.86,,
338699 ,ANKRD42,1,,,,73845,Ankrd42,1,1.07,,
338917 ,CHX10,0,1.38,1,,12677,Vsx2,1,3.26,1,
339327 ,ZNF546,1,,,,22648,Zfp11,1,,1,
339416 ,ANKRD45,0,,,,73844,Ankrd45,0,1.73,,
339488 ,TFAP2E,1,,,,332937,Tcfap2e,0,,2,
340481 ,ZDHHC21,1,,,,68268,Zdhhc21,1,,,
341405 ,ANKRD33,0,,,,208258,Ankrd33,1,1.59,1,
342908 ,ZNF404,0,,,,---,---,0,---,,
342926 ,ZNF677,1,,,,100041979,100041979,0,,,
342945 ,HKR2,0,,,,232878,Zscan22,1,0.30,,
343472 ,BARHL2,1,,,,104382,Barhl2,0,,,
344018 ,FIGLA,0,,,,26910,Figla,0,,,
346171 ,ZFP57,0,,,,22715,Zfp57,1,1.16,,
347344 ,ZNF81,0,,,,---,---,0,---,,
347853 ,TBX10,0,,,,109575,Tbx10,1,,,
349075 ,ZNF713,0,,,,---,---,0,---,,
349334 ,FOXD4L4,1,,,,---,---,0,---,,
353088 ,ZNF429,0,,,,---,---,0,---,,
353274 ,ZNF445,0,,,,235682,Zfp445,0,,,
360030 ,LOC360030,0,,,,---,---,0,---,,
374900 ,ZNF568,0,,,,---,---,0,---,,
387032 ,ZNF307,1,,,,544922,OTTMUSG00000000421,0,,,
389692 ,MAFA,0,3.65,3,,378435,Mafa,0,,,
403341 ,ZBTB34,1,,,,241311,Zbtb34,0,,,
552900 ,BOLA2,0,,,,654483,BOLA2B,0,,,
643641 ,LOC643641,0,,,,---,---,0,---,,